2026-03-05 12:13:37.343 | INFO     | main:lifespan:56 - Starting CoinSwitch Trader
2026-03-05 12:13:39.319 | INFO     | main:lifespan:60 - Database initialized
2026-03-05 12:13:39.458 | INFO     | app.strategies.engine:seed_default_configs:122 - Seeded default strategy configs
2026-03-05 12:13:39.459 | WARNING  | main:lifespan:71 - No API key configured - WebSocket not started. Add credentials in Settings.
2026-03-05 12:13:39.497 | INFO     | app.services.scheduler:setup_scheduler:26 - Scheduler configured: strategies run every 30s
2026-03-05 12:13:39.497 | INFO     | app.services.scheduler:start_scheduler:33 - Scheduler started
2026-03-05 12:13:39.497 | INFO     | main:lifespan:76 - App running. Simulation mode: True
2026-03-05 12:14:09.504 | INFO     | app.strategies.engine:load_strategies:63 - Loaded 0 strategies: []
2026-03-05 12:14:33.135 | INFO     | main:lifespan:81 - Shutting down...
2026-03-05 12:14:33.135 | INFO     | app.services.scheduler:stop_scheduler:39 - Scheduler stopped
2026-03-05 12:14:36.980 | INFO     | main:lifespan:56 - Starting CoinSwitch Trader
2026-03-05 12:14:36.989 | INFO     | main:lifespan:60 - Database initialized
2026-03-05 12:14:37.018 | INFO     | app.strategies.engine:seed_default_configs:122 - Seeded default strategy configs
2026-03-05 12:14:37.018 | WARNING  | main:lifespan:71 - No API key configured - WebSocket not started. Add credentials in Settings.
2026-03-05 12:14:37.022 | INFO     | app.services.scheduler:setup_scheduler:26 - Scheduler configured: strategies run every 30s
2026-03-05 12:14:37.027 | INFO     | app.services.scheduler:start_scheduler:33 - Scheduler started
2026-03-05 12:14:37.027 | INFO     | main:lifespan:76 - App running. Simulation mode: True
2026-03-05 12:14:53.055 | INFO     | main:lifespan:81 - Shutting down...
2026-03-05 12:14:53.055 | INFO     | app.services.scheduler:stop_scheduler:39 - Scheduler stopped
2026-03-05 12:14:59.543 | INFO     | main:lifespan:56 - Starting CoinSwitch Trader
2026-03-05 12:14:59.546 | INFO     | main:lifespan:60 - Database initialized
2026-03-05 12:14:59.575 | INFO     | app.strategies.engine:seed_default_configs:122 - Seeded default strategy configs
2026-03-05 12:14:59.575 | WARNING  | main:lifespan:71 - No API key configured - WebSocket not started. Add credentials in Settings.
2026-03-05 12:14:59.579 | INFO     | app.services.scheduler:setup_scheduler:26 - Scheduler configured: strategies run every 30s
2026-03-05 12:14:59.584 | INFO     | app.services.scheduler:start_scheduler:33 - Scheduler started
2026-03-05 12:14:59.585 | INFO     | main:lifespan:76 - App running. Simulation mode: True
2026-03-05 12:15:15.458 | ERROR    | app.services.market_data:get_candles:82 - get_candles(BTC/USDT, 5m): Input start_time is missing
2026-03-05 12:15:15.463 | ERROR    | app.services.market_data:get_ticker:33 - get_ticker(BTC/USDT): Not Found
2026-03-05 12:15:27.749 | ERROR    | app.services.market_data:get_ticker:33 - get_ticker(BTC/USDT): Not Found
2026-03-05 12:15:27.803 | ERROR    | app.services.market_data:get_candles:82 - get_candles(BTC/USDT, 5m): Input start_time is missing
2026-03-05 12:15:29.586 | INFO     | app.strategies.engine:load_strategies:63 - Loaded 0 strategies: []
2026-03-05 12:15:29.615 | ERROR    | app.services.market_data:get_ticker:33 - get_ticker(BTC/USDT): Not Found
2026-03-05 12:15:29.647 | ERROR    | app.services.market_data:get_candles:82 - get_candles(BTC/USDT, 5m): Input start_time is missing
2026-03-05 12:15:33.694 | ERROR    | app.services.market_data:get_ticker:33 - get_ticker(BTC/USDT): Not Found
2026-03-05 12:15:33.702 | ERROR    | app.services.market_data:get_candles:82 - get_candles(BTC/USDT, 5m): Input start_time is missing
2026-03-05 12:15:47.199 | INFO     | app.risk.manager:resume_trading:91 - Trading resumed
2026-03-05 12:15:50.513 | ERROR    | app.services.market_data:get_candles:82 - get_candles(BTC/USDT, 5m): Input start_time is missing
2026-03-05 12:15:50.524 | ERROR    | app.services.market_data:get_ticker:33 - get_ticker(BTC/USDT): Not Found
2026-03-05 12:15:52.991 | ERROR    | app.services.market_data:get_ticker:33 - get_ticker(BTC/USDT): Not Found
2026-03-05 12:15:53.026 | ERROR    | app.services.market_data:get_candles:82 - get_candles(BTC/USDT, 5m): Input start_time is missing
2026-03-05 12:15:59.586 | INFO     | app.strategies.engine:load_strategies:63 - Loaded 0 strategies: []
2026-03-05 12:16:12.973 | ERROR    | app.services.market_data:get_ticker:33 - get_ticker(BTC/USDT): Not Found
2026-03-05 12:16:13.032 | ERROR    | app.services.market_data:get_candles:82 - get_candles(BTC/USDT, 5m): Input start_time is missing
2026-03-05 12:16:13.140 | ERROR    | app.services.market_data:get_ticker:33 - get_ticker(BTC/USDT): Not Found
2026-03-05 12:16:13.172 | ERROR    | app.services.market_data:get_candles:82 - get_candles(BTC/USDT, 5m): Input start_time is missing
2026-03-05 12:16:18.005 | ERROR    | app.services.market_data:get_ticker:33 - get_ticker(BTC/USDT): Not Found
2026-03-05 12:16:18.005 | ERROR    | app.services.market_data:get_candles:82 - get_candles(BTC/USDT, 5m): Input start_time is missing
2026-03-05 12:16:22.015 | INFO     | app.trading.spot:place_spot_order:85 - [SIMULATION] Spot order placed: BTC/USDT BUY 0.001 @ None
2026-03-05 12:16:23.056 | ERROR    | app.services.market_data:get_candles:82 - get_candles(BTC/USDT, 5m): Input start_time is missing
2026-03-05 12:16:23.064 | ERROR    | app.services.market_data:get_ticker:33 - get_ticker(BTC/USDT): Not Found
2026-03-05 12:16:28.022 | ERROR    | app.services.market_data:get_candles:82 - get_candles(BTC/USDT, 5m): Input start_time is missing
2026-03-05 12:16:28.027 | ERROR    | app.services.market_data:get_ticker:33 - get_ticker(BTC/USDT): Not Found
2026-03-05 12:16:29.591 | INFO     | app.strategies.engine:load_strategies:63 - Loaded 5 strategies: ['ma_crossover', 'rsi_strategy', 'grid_trading', 'dca_bot', 'breakout']
2026-03-05 12:16:29.772 | ERROR    | app.services.market_data:get_candles:82 - get_candles(BTC/USDT, 1h): Input start_time is missing
2026-03-05 12:16:29.772 | WARNING  | app.strategies.base:log:141 - [ma_crossover] Not enough candles
2026-03-05 12:16:29.921 | ERROR    | app.services.market_data:get_candles:82 - get_candles(BTC/USDT, 1h): Input start_time is missing
2026-03-05 12:16:29.921 | WARNING  | app.strategies.base:log:141 - [rsi_strategy] Not enough candles
2026-03-05 12:16:30.072 | ERROR    | app.services.market_data:get_ticker:33 - get_ticker(BTC/USDT): Not Found
2026-03-05 12:16:30.242 | ERROR    | app.services.market_data:get_candles:82 - get_candles(BTC/USDT, 1h): Input start_time is missing
2026-03-05 12:16:30.404 | ERROR    | app.services.market_data:get_ticker:33 - get_ticker(BTC/USDT): Not Found
2026-03-05 12:16:30.405 | INFO     | app.strategies.base:log:141 - [dca_bot] DCA buy #1/10 @ 0.0000
2026-03-05 12:16:30.555 | ERROR    | app.services.market_data:get_ticker:33 - get_ticker(BTC/USDT): Not Found
2026-03-05 12:16:31.089 | INFO     | app.trading.spot:place_spot_order:85 - [SIMULATION] Spot order placed: BTC/USDT BUY 0.001 @ None
2026-03-05 12:16:31.454 | ERROR    | app.services.market_data:get_candles:82 - get_candles(BTC/USDT, 1h): Input start_time is missing
2026-03-05 12:16:33.003 | ERROR    | app.services.market_data:get_ticker:33 - get_ticker(BTC/USDT): Not Found
2026-03-05 12:16:33.202 | INFO     | app.trading.spot:place_spot_order:85 - [SIMULATION] Spot order placed: BTC/USDT BUY 1.0 @ None
2026-03-05 12:16:33.387 | ERROR    | app.services.market_data:get_candles:82 - get_candles(BTC/USDT, 5m): Input start_time is missing
2026-03-05 12:16:38.046 | ERROR    | app.services.market_data:get_ticker:33 - get_ticker(BTC/USDT): Not Found
2026-03-05 12:16:38.213 | ERROR    | app.services.market_data:get_candles:82 - get_candles(BTC/USDT, 5m): Input start_time is missing
2026-03-05 12:16:43.012 | ERROR    | app.services.market_data:get_candles:82 - get_candles(BTC/USDT, 5m): Input start_time is missing
2026-03-05 12:16:43.062 | ERROR    | app.services.market_data:get_ticker:33 - get_ticker(BTC/USDT): Not Found
2026-03-05 12:16:49.232 | ERROR    | app.services.market_data:get_candles:82 - get_candles(BTC/USDT, 5m): Input start_time is missing
2026-03-05 12:16:49.232 | ERROR    | app.services.market_data:get_ticker:33 - get_ticker(BTC/USDT): Not Found
2026-03-05 12:16:53.715 | ERROR    | app.services.market_data:get_ticker:33 - get_ticker(BTC/USDT): Not Found
2026-03-05 12:16:53.738 | ERROR    | app.services.market_data:get_candles:82 - get_candles(BTC/USDT, 5m): Input start_time is missing
2026-03-05 12:16:58.695 | ERROR    | app.services.market_data:get_ticker:33 - get_ticker(BTC/USDT): Not Found
2026-03-05 12:16:58.711 | ERROR    | app.services.market_data:get_candles:82 - get_candles(BTC/USDT, 5m): Input start_time is missing
2026-03-05 12:16:59.594 | INFO     | app.strategies.engine:load_strategies:63 - Loaded 5 strategies: ['ma_crossover', 'rsi_strategy', 'grid_trading', 'dca_bot', 'breakout']
2026-03-05 12:16:59.710 | ERROR    | app.services.market_data:get_candles:82 - get_candles(BTC/USDT, 1h): Input start_time is missing
2026-03-05 12:16:59.711 | WARNING  | app.strategies.base:log:141 - [ma_crossover] Not enough candles
2026-03-05 12:16:59.819 | ERROR    | app.services.market_data:get_candles:82 - get_candles(BTC/USDT, 1h): Input start_time is missing
2026-03-05 12:16:59.819 | WARNING  | app.strategies.base:log:141 - [rsi_strategy] Not enough candles
2026-03-05 12:16:59.943 | ERROR    | app.services.market_data:get_ticker:33 - get_ticker(BTC/USDT): Not Found
2026-03-05 12:17:00.074 | ERROR    | app.services.market_data:get_candles:82 - get_candles(BTC/USDT, 1h): Input start_time is missing
2026-03-05 12:17:00.192 | ERROR    | app.services.market_data:get_ticker:33 - get_ticker(BTC/USDT): Not Found
2026-03-05 12:17:00.192 | INFO     | app.strategies.base:log:141 - [dca_bot] DCA buy #1/10 @ 0.0000
2026-03-05 12:17:00.309 | ERROR    | app.services.market_data:get_ticker:33 - get_ticker(BTC/USDT): Not Found
2026-03-05 12:17:00.408 | INFO     | app.trading.spot:place_spot_order:85 - [SIMULATION] Spot order placed: BTC/USDT BUY 0.001 @ None
2026-03-05 12:17:00.779 | ERROR    | app.services.market_data:get_candles:82 - get_candles(BTC/USDT, 1h): Input start_time is missing
2026-03-05 12:17:03.700 | ERROR    | app.services.market_data:get_ticker:33 - get_ticker(BTC/USDT): Not Found
2026-03-05 12:17:03.702 | ERROR    | app.services.market_data:get_candles:82 - get_candles(BTC/USDT, 5m): Input start_time is missing
2026-03-05 12:17:08.718 | ERROR    | app.services.market_data:get_candles:82 - get_candles(BTC/USDT, 5m): Input start_time is missing
2026-03-05 12:17:08.739 | ERROR    | app.services.market_data:get_ticker:33 - get_ticker(BTC/USDT): Not Found
2026-03-05 12:17:13.713 | ERROR    | app.services.market_data:get_ticker:33 - get_ticker(BTC/USDT): Not Found
2026-03-05 12:17:13.739 | ERROR    | app.services.market_data:get_candles:82 - get_candles(BTC/USDT, 5m): Input start_time is missing
2026-03-05 12:17:18.707 | ERROR    | app.services.market_data:get_ticker:33 - get_ticker(BTC/USDT): Not Found
2026-03-05 12:17:18.724 | ERROR    | app.services.market_data:get_candles:82 - get_candles(BTC/USDT, 5m): Input start_time is missing
2026-03-05 12:17:23.722 | ERROR    | app.services.market_data:get_ticker:33 - get_ticker(BTC/USDT): Not Found
2026-03-05 12:17:23.740 | ERROR    | app.services.market_data:get_candles:82 - get_candles(BTC/USDT, 5m): Input start_time is missing
2026-03-05 12:17:28.497 | INFO     | main:lifespan:81 - Shutting down...
2026-03-05 12:17:28.498 | INFO     | app.services.scheduler:stop_scheduler:39 - Scheduler stopped
2026-03-05 12:17:32.368 | INFO     | main:lifespan:56 - Starting CoinSwitch Trader
2026-03-05 12:17:32.371 | INFO     | main:lifespan:60 - Database initialized
2026-03-05 12:17:32.406 | INFO     | app.strategies.engine:seed_default_configs:122 - Seeded default strategy configs
2026-03-05 12:17:32.407 | WARNING  | main:lifespan:71 - No API key configured - WebSocket not started. Add credentials in Settings.
2026-03-05 12:17:32.414 | INFO     | app.services.scheduler:setup_scheduler:26 - Scheduler configured: strategies run every 30s
2026-03-05 12:17:32.431 | INFO     | app.services.scheduler:start_scheduler:33 - Scheduler started
2026-03-05 12:17:32.460 | INFO     | main:lifespan:76 - App running. Simulation mode: True
2026-03-05 12:17:33.425 | ERROR    | app.services.market_data:get_candles:82 - get_candles(BTC/USDT, 5m): Input start_time is missing
2026-03-05 12:17:33.458 | ERROR    | app.services.market_data:get_ticker:33 - get_ticker(BTC/USDT): Not Found
2026-03-05 12:17:33.578 | ERROR    | app.services.market_data:get_candles:82 - get_candles(BTC/USDT, 5m): Input start_time is missing
2026-03-05 12:17:39.232 | ERROR    | app.services.market_data:get_ticker:33 - get_ticker(BTC/USDT): Not Found
2026-03-05 12:17:39.266 | ERROR    | app.services.market_data:get_candles:82 - get_candles(BTC/USDT, 5m): Input start_time is missing
2026-03-05 12:17:43.755 | ERROR    | app.services.market_data:get_candles:82 - get_candles(BTC/USDT, 5m): Input start_time is missing
2026-03-05 12:17:43.761 | ERROR    | app.services.market_data:get_ticker:33 - get_ticker(BTC/USDT): Not Found
2026-03-05 12:18:02.419 | INFO     | app.strategies.engine:load_strategies:63 - Loaded 5 strategies: ['ma_crossover', 'rsi_strategy', 'grid_trading', 'dca_bot', 'breakout']
2026-03-05 12:18:02.663 | ERROR    | app.services.market_data:get_candles:82 - get_candles(BTC/USDT, 1h): Input start_time is missing
2026-03-05 12:18:02.846 | WARNING  | app.strategies.base:log:141 - [ma_crossover] Not enough candles
2026-03-05 12:18:02.979 | ERROR    | app.services.market_data:get_candles:82 - get_candles(BTC/USDT, 1h): Input start_time is missing
2026-03-05 12:18:02.981 | WARNING  | app.strategies.base:log:141 - [rsi_strategy] Not enough candles
2026-03-05 12:18:03.084 | ERROR    | app.services.market_data:get_ticker:33 - get_ticker(BTC/USDT): Not Found
2026-03-05 12:18:03.193 | ERROR    | app.services.market_data:get_candles:82 - get_candles(BTC/USDT, 1h): Input start_time is missing
2026-03-05 12:18:03.326 | ERROR    | app.services.market_data:get_ticker:33 - get_ticker(BTC/USDT): Not Found
2026-03-05 12:18:03.326 | INFO     | app.strategies.base:log:141 - [dca_bot] DCA buy #1/10 @ 0.0000
2026-03-05 12:18:03.438 | ERROR    | app.services.market_data:get_ticker:33 - get_ticker(BTC/USDT): Not Found
2026-03-05 12:18:03.614 | INFO     | app.trading.spot:place_spot_order:85 - [SIMULATION] Spot order placed: BTC/USDT BUY 0.001 @ None
2026-03-05 12:18:04.070 | ERROR    | app.services.market_data:get_candles:82 - get_candles(BTC/USDT, 1h): Input start_time is missing
2026-03-05 12:18:06.110 | ERROR    | app.services.market_data:get_ticker:33 - get_ticker(BTC/USDT): Not Found
2026-03-05 12:18:06.318 | ERROR    | app.services.market_data:get_candles:82 - get_candles(BTC/USDT, 5m): Input start_time is missing
2026-03-05 12:18:32.423 | INFO     | app.strategies.engine:load_strategies:63 - Loaded 5 strategies: ['ma_crossover', 'rsi_strategy', 'grid_trading', 'dca_bot', 'breakout']
2026-03-05 12:18:32.751 | ERROR    | app.services.market_data:get_candles:82 - get_candles(BTC/USDT, 1h): Input start_time is missing
2026-03-05 12:18:32.751 | WARNING  | app.strategies.base:log:141 - [ma_crossover] Not enough candles
2026-03-05 12:18:32.884 | ERROR    | app.services.market_data:get_candles:82 - get_candles(BTC/USDT, 1h): Input start_time is missing
2026-03-05 12:18:32.884 | WARNING  | app.strategies.base:log:141 - [rsi_strategy] Not enough candles
2026-03-05 12:18:33.001 | ERROR    | app.services.market_data:get_ticker:33 - get_ticker(BTC/USDT): Not Found
2026-03-05 12:18:33.139 | ERROR    | app.services.market_data:get_candles:82 - get_candles(BTC/USDT, 1h): Input start_time is missing
2026-03-05 12:18:33.267 | ERROR    | app.services.market_data:get_ticker:33 - get_ticker(BTC/USDT): Not Found
2026-03-05 12:18:33.267 | INFO     | app.strategies.base:log:141 - [dca_bot] DCA buy #1/10 @ 0.0000
2026-03-05 12:18:33.493 | ERROR    | app.services.market_data:get_ticker:33 - get_ticker(BTC/USDT): Not Found
2026-03-05 12:18:34.133 | INFO     | app.trading.spot:place_spot_order:85 - [SIMULATION] Spot order placed: BTC/USDT BUY 0.001 @ None
2026-03-05 12:18:34.598 | ERROR    | app.services.market_data:get_candles:82 - get_candles(BTC/USDT, 1h): Input start_time is missing
2026-03-05 12:18:53.914 | INFO     | main:lifespan:81 - Shutting down...
2026-03-05 12:18:53.914 | INFO     | app.services.scheduler:stop_scheduler:39 - Scheduler stopped
2026-03-05 12:19:04.355 | INFO     | main:lifespan:56 - Starting CoinSwitch Trader
2026-03-05 12:19:04.371 | INFO     | main:lifespan:60 - Database initialized
2026-03-05 12:19:04.403 | INFO     | app.strategies.engine:seed_default_configs:122 - Seeded default strategy configs
2026-03-05 12:19:04.403 | WARNING  | main:lifespan:71 - No API key configured - WebSocket not started. Add credentials in Settings.
2026-03-05 12:19:04.413 | INFO     | app.services.scheduler:setup_scheduler:26 - Scheduler configured: strategies run every 30s
2026-03-05 12:19:04.413 | INFO     | app.services.scheduler:start_scheduler:33 - Scheduler started
2026-03-05 12:19:04.413 | INFO     | main:lifespan:76 - App running. Simulation mode: True
2026-03-05 12:19:05.956 | ERROR    | app.services.market_data:get_ticker:33 - get_ticker(BTC/USDT): Not Found
2026-03-05 12:19:06.168 | ERROR    | app.services.market_data:get_ticker:33 - get_ticker(BTC/INR): Not Found
2026-03-05 12:19:06.220 | ERROR    | app.services.market_data:get_candles:82 - get_candles(BTC/INR, 5m): Input start_time is missing
2026-03-05 12:19:10.630 | ERROR    | app.services.market_data:get_ticker:33 - get_ticker(BTC/INR): Not Found
2026-03-05 12:19:10.650 | ERROR    | app.services.market_data:get_candles:82 - get_candles(BTC/INR, 5m): Input start_time is missing
2026-03-05 12:19:15.632 | ERROR    | app.services.market_data:get_ticker:33 - get_ticker(BTC/INR): Not Found
2026-03-05 12:19:15.634 | ERROR    | app.services.market_data:get_candles:82 - get_candles(BTC/INR, 5m): Input start_time is missing
2026-03-05 12:19:20.741 | ERROR    | app.services.market_data:get_ticker:33 - get_ticker(BTC/INR): Not Found
2026-03-05 12:19:20.881 | ERROR    | app.services.market_data:get_candles:82 - get_candles(BTC/INR, 5m): Input start_time is missing
2026-03-05 12:19:25.733 | ERROR    | app.services.market_data:get_candles:82 - get_candles(BTC/INR, 5m): Input start_time is missing
2026-03-05 12:19:25.733 | ERROR    | app.services.market_data:get_ticker:33 - get_ticker(BTC/INR): Not Found
2026-03-05 12:19:30.728 | ERROR    | app.services.market_data:get_ticker:33 - get_ticker(BTC/INR): Not Found
2026-03-05 12:19:30.731 | ERROR    | app.services.market_data:get_candles:82 - get_candles(BTC/INR, 5m): Input start_time is missing
2026-03-05 12:19:34.435 | INFO     | app.strategies.engine:load_strategies:63 - Loaded 5 strategies: ['ma_crossover', 'rsi_strategy', 'grid_trading', 'dca_bot', 'breakout']
2026-03-05 12:19:34.567 | ERROR    | app.services.market_data:get_candles:82 - get_candles(BTC/USDT, 1h): Input start_time is missing
2026-03-05 12:19:34.570 | WARNING  | app.strategies.base:log:141 - [ma_crossover] Not enough candles
2026-03-05 12:19:34.701 | ERROR    | app.services.market_data:get_candles:82 - get_candles(BTC/USDT, 1h): Input start_time is missing
2026-03-05 12:19:34.701 | WARNING  | app.strategies.base:log:141 - [rsi_strategy] Not enough candles
2026-03-05 12:19:34.842 | ERROR    | app.services.market_data:get_ticker:33 - get_ticker(BTC/USDT): Not Found
2026-03-05 12:19:34.968 | ERROR    | app.services.market_data:get_candles:82 - get_candles(BTC/USDT, 1h): Input start_time is missing
2026-03-05 12:19:35.078 | ERROR    | app.services.market_data:get_ticker:33 - get_ticker(BTC/USDT): Not Found
2026-03-05 12:19:35.078 | INFO     | app.strategies.base:log:141 - [dca_bot] DCA buy #1/10 @ 0.0000
2026-03-05 12:19:35.195 | ERROR    | app.services.market_data:get_ticker:33 - get_ticker(BTC/USDT): Not Found
2026-03-05 12:19:35.323 | INFO     | app.trading.spot:place_spot_order:85 - [SIMULATION] Spot order placed: BTC/USDT BUY 0.001 @ None
2026-03-05 12:19:35.708 | ERROR    | app.services.market_data:get_ticker:33 - get_ticker(BTC/INR): Not Found
2026-03-05 12:19:35.719 | ERROR    | app.services.market_data:get_candles:82 - get_candles(BTC/USDT, 1h): Input start_time is missing
2026-03-05 12:19:35.926 | ERROR    | app.services.market_data:get_candles:82 - get_candles(BTC/INR, 5m): Input start_time is missing
2026-03-05 12:19:40.736 | ERROR    | app.services.market_data:get_candles:82 - get_candles(BTC/INR, 5m): Input start_time is missing
2026-03-05 12:19:40.739 | ERROR    | app.services.market_data:get_ticker:33 - get_ticker(BTC/INR): Not Found
2026-03-05 12:19:45.714 | ERROR    | app.services.market_data:get_ticker:33 - get_ticker(BTC/INR): Not Found
2026-03-05 12:19:45.733 | ERROR    | app.services.market_data:get_candles:82 - get_candles(BTC/INR, 5m): Input start_time is missing
2026-03-05 12:19:50.711 | ERROR    | app.services.market_data:get_ticker:33 - get_ticker(BTC/INR): Not Found
2026-03-05 12:19:50.734 | ERROR    | app.services.market_data:get_candles:82 - get_candles(BTC/INR, 5m): Input start_time is missing
2026-03-05 12:19:55.713 | ERROR    | app.services.market_data:get_ticker:33 - get_ticker(BTC/INR): Not Found
2026-03-05 12:19:55.739 | ERROR    | app.services.market_data:get_candles:82 - get_candles(BTC/INR, 5m): Input start_time is missing
2026-03-05 12:20:00.752 | ERROR    | app.services.market_data:get_candles:82 - get_candles(BTC/INR, 5m): Input start_time is missing
2026-03-05 12:20:00.771 | ERROR    | app.services.market_data:get_ticker:33 - get_ticker(BTC/INR): Not Found
2026-03-05 12:20:04.418 | INFO     | app.strategies.engine:load_strategies:63 - Loaded 5 strategies: ['ma_crossover', 'rsi_strategy', 'grid_trading', 'dca_bot', 'breakout']
2026-03-05 12:20:04.525 | ERROR    | app.services.market_data:get_candles:82 - get_candles(BTC/USDT, 1h): Input start_time is missing
2026-03-05 12:20:04.526 | WARNING  | app.strategies.base:log:141 - [ma_crossover] Not enough candles
2026-03-05 12:20:04.645 | ERROR    | app.services.market_data:get_candles:82 - get_candles(BTC/USDT, 1h): Input start_time is missing
2026-03-05 12:20:04.646 | WARNING  | app.strategies.base:log:141 - [rsi_strategy] Not enough candles
2026-03-05 12:20:04.768 | ERROR    | app.services.market_data:get_ticker:33 - get_ticker(BTC/USDT): Not Found
2026-03-05 12:20:04.910 | ERROR    | app.services.market_data:get_candles:82 - get_candles(BTC/USDT, 1h): Input start_time is missing
2026-03-05 12:20:05.054 | ERROR    | app.services.market_data:get_ticker:33 - get_ticker(BTC/USDT): Not Found
2026-03-05 12:20:05.054 | INFO     | app.strategies.base:log:141 - [dca_bot] DCA buy #1/10 @ 0.0000
2026-03-05 12:20:05.176 | ERROR    | app.services.market_data:get_ticker:33 - get_ticker(BTC/USDT): Not Found
2026-03-05 12:20:05.392 | INFO     | app.trading.spot:place_spot_order:85 - [SIMULATION] Spot order placed: BTC/USDT BUY 0.001 @ None
2026-03-05 12:20:05.725 | ERROR    | app.services.market_data:get_ticker:33 - get_ticker(BTC/INR): Not Found
2026-03-05 12:20:05.729 | ERROR    | app.services.market_data:get_candles:82 - get_candles(BTC/USDT, 1h): Input start_time is missing
2026-03-05 12:20:05.969 | ERROR    | app.services.market_data:get_candles:82 - get_candles(BTC/INR, 5m): Input start_time is missing
2026-03-05 12:20:10.764 | ERROR    | app.services.market_data:get_candles:82 - get_candles(BTC/INR, 5m): Input start_time is missing
2026-03-05 12:20:10.769 | ERROR    | app.services.market_data:get_ticker:33 - get_ticker(BTC/INR): Not Found
2026-03-05 12:20:15.719 | ERROR    | app.services.market_data:get_ticker:33 - get_ticker(BTC/INR): Not Found
2026-03-05 12:20:15.723 | ERROR    | app.services.market_data:get_candles:82 - get_candles(BTC/INR, 5m): Input start_time is missing
2026-03-05 13:44:01.855 | INFO     | main:lifespan:56 - Starting CoinSwitch Trader
2026-03-05 13:44:01.922 | INFO     | main:lifespan:60 - Database initialized
2026-03-05 13:44:01.967 | INFO     | app.strategies.engine:seed_default_configs:122 - Seeded default strategy configs
2026-03-05 13:44:01.969 | WARNING  | main:lifespan:71 - No API key configured - WebSocket not started. Add credentials in Settings.
2026-03-05 13:44:01.980 | INFO     | app.services.scheduler:setup_scheduler:26 - Scheduler configured: strategies run every 30s
2026-03-05 13:44:01.985 | INFO     | app.services.scheduler:start_scheduler:33 - Scheduler started
2026-03-05 13:44:01.986 | INFO     | main:lifespan:76 - App running. Simulation mode: True
2026-03-05 13:44:15.437 | ERROR    | app.services.market_data:get_candles:82 - get_candles(BTC/INR, 5m): Input start_time is missing
2026-03-05 13:44:15.445 | ERROR    | app.services.market_data:get_ticker:33 - get_ticker(BTC/INR): Not Found
2026-03-05 13:44:19.813 | ERROR    | app.services.market_data:get_ticker:33 - get_ticker(BTC/INR): Not Found
2026-03-05 13:44:19.847 | ERROR    | app.services.market_data:get_candles:82 - get_candles(BTC/INR, 5m): Input start_time is missing
2026-03-05 13:44:24.507 | ERROR    | app.services.market_data:get_ticker:33 - get_ticker(BTC/INR): Not Found
2026-03-05 13:44:24.519 | ERROR    | app.services.market_data:get_candles:82 - get_candles(BTC/INR, 5m): Input start_time is missing
2026-03-05 13:44:26.868 | ERROR    | app.services.market_data:get_ticker:33 - get_ticker(BTC/INR): Not Found
2026-03-05 13:44:26.881 | ERROR    | app.services.market_data:get_candles:82 - get_candles(BTC/INR, 5m): Input start_time is missing
2026-03-05 13:44:31.885 | ERROR    | app.services.market_data:get_candles:82 - get_candles(BTC/INR, 5m): Input start_time is missing
2026-03-05 13:44:31.890 | ERROR    | app.services.market_data:get_ticker:33 - get_ticker(BTC/INR): Not Found
2026-03-05 13:44:31.999 | INFO     | app.strategies.engine:load_strategies:63 - Loaded 5 strategies: ['ma_crossover', 'rsi_strategy', 'grid_trading', 'dca_bot', 'breakout']
2026-03-05 13:44:32.083 | ERROR    | app.services.market_data:get_candles:82 - get_candles(BTC/USDT, 1h): Input start_time is missing
2026-03-05 13:44:32.085 | WARNING  | app.strategies.base:log:141 - [ma_crossover] Not enough candles
2026-03-05 13:44:32.196 | ERROR    | app.services.market_data:get_candles:82 - get_candles(BTC/USDT, 1h): Input start_time is missing
2026-03-05 13:44:32.197 | WARNING  | app.strategies.base:log:141 - [rsi_strategy] Not enough candles
2026-03-05 13:44:32.286 | ERROR    | app.services.market_data:get_ticker:33 - get_ticker(BTC/USDT): Not Found
2026-03-05 13:44:32.380 | ERROR    | app.services.market_data:get_candles:82 - get_candles(BTC/USDT, 1h): Input start_time is missing
2026-03-05 13:44:32.480 | ERROR    | app.services.market_data:get_ticker:33 - get_ticker(BTC/USDT): Not Found
2026-03-05 13:44:32.480 | INFO     | app.strategies.base:log:141 - [dca_bot] DCA buy #1/10 @ 0.0000
2026-03-05 13:44:32.571 | ERROR    | app.services.market_data:get_ticker:33 - get_ticker(BTC/USDT): Not Found
2026-03-05 13:44:32.756 | INFO     | app.trading.spot:place_spot_order:85 - [SIMULATION] Spot order placed: BTC/USDT BUY 0.001 @ None
2026-03-05 13:44:33.354 | ERROR    | app.services.market_data:get_candles:82 - get_candles(BTC/USDT, 1h): Input start_time is missing
2026-03-05 13:44:40.102 | ERROR    | app.services.market_data:get_candles:82 - get_candles(BTC/INR, 5m): Input start_time is missing
2026-03-05 13:44:40.129 | ERROR    | app.services.market_data:get_ticker:33 - get_ticker(BTC/INR): Not Found
2026-03-05 13:44:40.465 | INFO     | app.trading.spot:place_spot_order:85 - [SIMULATION] Spot order placed: BTC/INR BUY 0.001 @ None
2026-03-05 13:44:41.890 | ERROR    | app.services.market_data:get_ticker:33 - get_ticker(BTC/INR): Not Found
2026-03-05 13:44:41.893 | ERROR    | app.services.market_data:get_candles:82 - get_candles(BTC/INR, 5m): Input start_time is missing
2026-03-05 13:44:48.402 | ERROR    | app.services.market_data:get_ticker:33 - get_ticker(BTC/INR): Not Found
2026-03-05 13:44:48.446 | ERROR    | app.services.market_data:get_candles:82 - get_candles(BTC/INR, 5m): Input start_time is missing
2026-03-05 13:44:52.693 | ERROR    | app.services.market_data:get_ticker:33 - get_ticker(BTC/INR): Not Found
2026-03-05 13:44:52.728 | ERROR    | app.services.market_data:get_candles:82 - get_candles(BTC/INR, 5m): Input start_time is missing
2026-03-05 13:44:57.725 | ERROR    | app.services.market_data:get_ticker:33 - get_ticker(BTC/INR): Not Found
2026-03-05 13:44:57.735 | ERROR    | app.services.market_data:get_candles:82 - get_candles(BTC/INR, 5m): Input start_time is missing
2026-03-05 13:45:02.002 | INFO     | app.strategies.engine:load_strategies:63 - Loaded 5 strategies: ['ma_crossover', 'rsi_strategy', 'grid_trading', 'dca_bot', 'breakout']
2026-03-05 13:45:02.133 | ERROR    | app.services.market_data:get_candles:82 - get_candles(BTC/USDT, 1h): Input start_time is missing
2026-03-05 13:45:02.135 | WARNING  | app.strategies.base:log:141 - [ma_crossover] Not enough candles
2026-03-05 13:45:02.231 | ERROR    | app.services.market_data:get_candles:82 - get_candles(BTC/USDT, 1h): Input start_time is missing
2026-03-05 13:45:02.232 | WARNING  | app.strategies.base:log:141 - [rsi_strategy] Not enough candles
2026-03-05 13:45:02.327 | ERROR    | app.services.market_data:get_ticker:33 - get_ticker(BTC/USDT): Not Found
2026-03-05 13:45:02.410 | ERROR    | app.services.market_data:get_candles:82 - get_candles(BTC/USDT, 1h): Input start_time is missing
2026-03-05 13:45:02.498 | ERROR    | app.services.market_data:get_ticker:33 - get_ticker(BTC/USDT): Not Found
2026-03-05 13:45:02.498 | INFO     | app.strategies.base:log:141 - [dca_bot] DCA buy #1/10 @ 0.0000
2026-03-05 13:45:02.590 | ERROR    | app.services.market_data:get_ticker:33 - get_ticker(BTC/USDT): Not Found
2026-03-05 13:45:02.785 | ERROR    | app.services.market_data:get_ticker:33 - get_ticker(BTC/INR): Not Found
2026-03-05 13:45:02.794 | INFO     | app.trading.spot:place_spot_order:85 - [SIMULATION] Spot order placed: BTC/USDT BUY 0.001 @ None
2026-03-05 13:45:03.024 | ERROR    | app.services.market_data:get_candles:82 - get_candles(BTC/INR, 5m): Input start_time is missing
2026-03-05 13:45:03.106 | ERROR    | app.services.market_data:get_candles:82 - get_candles(BTC/USDT, 1h): Input start_time is missing
2026-03-05 13:45:07.724 | ERROR    | app.services.market_data:get_ticker:33 - get_ticker(BTC/INR): Not Found
2026-03-05 13:45:07.820 | ERROR    | app.services.market_data:get_candles:82 - get_candles(BTC/INR, 5m): Input start_time is missing
2026-03-05 13:45:13.444 | ERROR    | app.services.market_data:get_ticker:33 - get_ticker(BTC/INR): Not Found
2026-03-05 13:45:14.891 | ERROR    | app.services.market_data:get_candles:82 - get_candles(BTC/INR, 5m): Input start_time is missing
2026-03-05 13:45:17.752 | ERROR    | app.services.market_data:get_ticker:33 - get_ticker(BTC/INR): Not Found
2026-03-05 13:45:17.913 | ERROR    | app.services.market_data:get_candles:82 - get_candles(BTC/INR, 5m): Input start_time is missing
2026-03-05 13:45:22.743 | ERROR    | app.services.market_data:get_ticker:33 - get_ticker(BTC/INR): Not Found
2026-03-05 13:45:22.793 | ERROR    | app.services.market_data:get_candles:82 - get_candles(BTC/INR, 5m): Input start_time is missing
2026-03-05 13:45:27.752 | ERROR    | app.services.market_data:get_candles:82 - get_candles(BTC/INR, 5m): Input start_time is missing
2026-03-05 13:45:27.776 | ERROR    | app.services.market_data:get_ticker:33 - get_ticker(BTC/INR): Not Found
2026-03-05 13:45:31.984 | INFO     | app.strategies.engine:load_strategies:63 - Loaded 5 strategies: ['ma_crossover', 'rsi_strategy', 'grid_trading', 'dca_bot', 'breakout']
2026-03-05 13:45:32.135 | ERROR    | app.services.market_data:get_candles:82 - get_candles(BTC/USDT, 1h): Input start_time is missing
2026-03-05 13:45:32.136 | WARNING  | app.strategies.base:log:141 - [ma_crossover] Not enough candles
2026-03-05 13:45:32.258 | ERROR    | app.services.market_data:get_candles:82 - get_candles(BTC/USDT, 1h): Input start_time is missing
2026-03-05 13:45:32.258 | WARNING  | app.strategies.base:log:141 - [rsi_strategy] Not enough candles
2026-03-05 13:45:32.416 | ERROR    | app.services.market_data:get_ticker:33 - get_ticker(BTC/USDT): Not Found
2026-03-05 13:45:32.528 | ERROR    | app.services.market_data:get_candles:82 - get_candles(BTC/USDT, 1h): Input start_time is missing
2026-03-05 13:45:32.664 | ERROR    | app.services.market_data:get_ticker:33 - get_ticker(BTC/USDT): Not Found
2026-03-05 13:45:32.665 | INFO     | app.strategies.base:log:141 - [dca_bot] DCA buy #1/10 @ 0.0000
2026-03-05 13:45:32.745 | ERROR    | app.services.market_data:get_ticker:33 - get_ticker(BTC/INR): Not Found
2026-03-05 13:45:32.807 | ERROR    | app.services.market_data:get_ticker:33 - get_ticker(BTC/USDT): Not Found
2026-03-05 13:45:32.958 | ERROR    | app.services.market_data:get_candles:82 - get_candles(BTC/INR, 5m): Input start_time is missing
2026-03-05 13:45:33.026 | INFO     | app.trading.spot:place_spot_order:85 - [SIMULATION] Spot order placed: BTC/USDT BUY 0.001 @ None
2026-03-05 13:45:33.390 | ERROR    | app.services.market_data:get_candles:82 - get_candles(BTC/USDT, 1h): Input start_time is missing
2026-03-05 13:45:38.042 | ERROR    | app.services.market_data:get_ticker:33 - get_ticker(BTC/INR): Not Found
2026-03-05 13:45:38.185 | ERROR    | app.services.market_data:get_candles:82 - get_candles(BTC/INR, 5m): Input start_time is missing
2026-03-05 13:45:42.717 | ERROR    | app.services.market_data:get_ticker:33 - get_ticker(BTC/INR): Not Found
2026-03-05 13:45:42.958 | ERROR    | app.services.market_data:get_candles:82 - get_candles(BTC/INR, 5m): Input start_time is missing
2026-03-05 13:46:01.997 | INFO     | app.strategies.engine:load_strategies:63 - Loaded 5 strategies: ['ma_crossover', 'rsi_strategy', 'grid_trading', 'dca_bot', 'breakout']
2026-03-05 13:46:02.308 | ERROR    | app.services.market_data:get_candles:82 - get_candles(BTC/USDT, 1h): Input start_time is missing
2026-03-05 13:46:02.310 | WARNING  | app.strategies.base:log:141 - [ma_crossover] Not enough candles
2026-03-05 13:46:02.450 | ERROR    | app.services.market_data:get_candles:82 - get_candles(BTC/USDT, 1h): Input start_time is missing
2026-03-05 13:46:02.451 | WARNING  | app.strategies.base:log:141 - [rsi_strategy] Not enough candles
2026-03-05 13:46:02.586 | ERROR    | app.services.market_data:get_ticker:33 - get_ticker(BTC/USDT): Not Found
2026-03-05 13:46:02.725 | ERROR    | app.services.market_data:get_candles:82 - get_candles(BTC/USDT, 1h): Input start_time is missing
2026-03-05 13:46:02.845 | ERROR    | app.services.market_data:get_ticker:33 - get_ticker(BTC/USDT): Not Found
2026-03-05 13:46:02.845 | INFO     | app.strategies.base:log:141 - [dca_bot] DCA buy #1/10 @ 0.0000
2026-03-05 13:46:02.967 | ERROR    | app.services.market_data:get_ticker:33 - get_ticker(BTC/USDT): Not Found
2026-03-05 13:46:03.079 | INFO     | app.trading.spot:place_spot_order:85 - [SIMULATION] Spot order placed: BTC/USDT BUY 0.001 @ None
2026-03-05 13:46:03.450 | ERROR    | app.services.market_data:get_candles:82 - get_candles(BTC/USDT, 1h): Input start_time is missing
2026-03-05 13:46:10.684 | ERROR    | app.services.market_data:get_ticker:33 - get_ticker(BTC/INR): Not Found
2026-03-05 13:46:10.700 | ERROR    | app.services.market_data:get_candles:82 - get_candles(BTC/INR, 5m): Input start_time is missing
2026-03-05 13:46:11.860 | ERROR    | app.services.market_data:get_ticker:33 - get_ticker(BTC/INR): Not Found
2026-03-05 13:46:11.870 | ERROR    | app.services.market_data:get_candles:82 - get_candles(BTC/INR, 5m): Input start_time is missing
2026-03-05 13:46:16.965 | ERROR    | app.services.market_data:get_ticker:33 - get_ticker(BTC/INR): Not Found
2026-03-05 13:46:17.235 | ERROR    | app.services.market_data:get_candles:82 - get_candles(BTC/INR, 5m): Input start_time is missing
2026-03-05 13:46:24.501 | ERROR    | app.services.market_data:get_ticker:33 - get_ticker(BTC/INR): Not Found
2026-03-05 13:46:25.432 | ERROR    | app.services.market_data:get_candles:82 - get_candles(BTC/INR, 5m): Input start_time is missing
2026-03-05 13:46:27.754 | ERROR    | app.services.market_data:get_ticker:33 - get_ticker(BTC/INR): Not Found
2026-03-05 13:46:28.065 | ERROR    | app.services.market_data:get_candles:82 - get_candles(BTC/INR, 5m): Input start_time is missing
2026-03-05 13:46:31.992 | INFO     | app.strategies.engine:load_strategies:63 - Loaded 5 strategies: ['ma_crossover', 'rsi_strategy', 'grid_trading', 'dca_bot', 'breakout']
2026-03-05 13:46:32.118 | ERROR    | app.services.market_data:get_candles:82 - get_candles(BTC/USDT, 1h): Input start_time is missing
2026-03-05 13:46:32.125 | WARNING  | app.strategies.base:log:141 - [ma_crossover] Not enough candles
2026-03-05 13:46:32.246 | ERROR    | app.services.market_data:get_candles:82 - get_candles(BTC/USDT, 1h): Input start_time is missing
2026-03-05 13:46:32.252 | WARNING  | app.strategies.base:log:141 - [rsi_strategy] Not enough candles
2026-03-05 13:46:32.377 | ERROR    | app.services.market_data:get_ticker:33 - get_ticker(BTC/USDT): Not Found
2026-03-05 13:46:32.499 | ERROR    | app.services.market_data:get_candles:82 - get_candles(BTC/USDT, 1h): Input start_time is missing
2026-03-05 13:46:32.621 | ERROR    | app.services.market_data:get_ticker:33 - get_ticker(BTC/USDT): Not Found
2026-03-05 13:46:32.621 | INFO     | app.strategies.base:log:141 - [dca_bot] DCA buy #1/10 @ 0.0000
2026-03-05 13:46:32.773 | ERROR    | app.services.market_data:get_ticker:33 - get_ticker(BTC/USDT): Not Found
2026-03-05 13:46:32.901 | ERROR    | app.services.market_data:get_candles:82 - get_candles(BTC/INR, 5m): Input start_time is missing
2026-03-05 13:46:32.935 | ERROR    | app.services.market_data:get_ticker:33 - get_ticker(BTC/INR): Not Found
2026-03-05 13:46:32.996 | INFO     | app.trading.spot:place_spot_order:85 - [SIMULATION] Spot order placed: BTC/USDT BUY 0.001 @ None
2026-03-05 13:46:33.382 | ERROR    | app.services.market_data:get_candles:82 - get_candles(BTC/USDT, 1h): Input start_time is missing
2026-03-05 13:46:37.722 | ERROR    | app.services.market_data:get_ticker:33 - get_ticker(BTC/INR): Not Found
2026-03-05 13:46:37.756 | ERROR    | app.services.market_data:get_candles:82 - get_candles(BTC/INR, 5m): Input start_time is missing
2026-03-05 13:46:42.754 | ERROR    | app.services.market_data:get_ticker:33 - get_ticker(BTC/INR): Not Found
2026-03-05 13:46:42.771 | ERROR    | app.services.market_data:get_candles:82 - get_candles(BTC/INR, 5m): Input start_time is missing
2026-03-05 13:46:47.760 | ERROR    | app.services.market_data:get_ticker:33 - get_ticker(BTC/INR): Not Found
2026-03-05 13:46:47.777 | ERROR    | app.services.market_data:get_candles:82 - get_candles(BTC/INR, 5m): Input start_time is missing
2026-03-05 13:46:52.729 | ERROR    | app.services.market_data:get_ticker:33 - get_ticker(BTC/INR): Not Found
2026-03-05 13:46:52.749 | ERROR    | app.services.market_data:get_candles:82 - get_candles(BTC/INR, 5m): Input start_time is missing
2026-03-05 13:46:57.765 | ERROR    | app.services.market_data:get_candles:82 - get_candles(BTC/INR, 5m): Input start_time is missing
2026-03-05 13:46:57.768 | ERROR    | app.services.market_data:get_ticker:33 - get_ticker(BTC/INR): Not Found
2026-03-05 13:47:01.992 | INFO     | app.strategies.engine:load_strategies:63 - Loaded 5 strategies: ['ma_crossover', 'rsi_strategy', 'grid_trading', 'dca_bot', 'breakout']
2026-03-05 13:47:02.177 | ERROR    | app.services.market_data:get_candles:82 - get_candles(BTC/USDT, 1h): Input start_time is missing
2026-03-05 13:47:02.179 | WARNING  | app.strategies.base:log:141 - [ma_crossover] Not enough candles
2026-03-05 13:47:02.310 | ERROR    | app.services.market_data:get_candles:82 - get_candles(BTC/USDT, 1h): Input start_time is missing
2026-03-05 13:47:02.310 | WARNING  | app.strategies.base:log:141 - [rsi_strategy] Not enough candles
2026-03-05 13:47:02.449 | ERROR    | app.services.market_data:get_ticker:33 - get_ticker(BTC/USDT): Not Found
2026-03-05 13:47:02.594 | ERROR    | app.services.market_data:get_candles:82 - get_candles(BTC/USDT, 1h): Input start_time is missing
2026-03-05 13:47:02.718 | ERROR    | app.services.market_data:get_ticker:33 - get_ticker(BTC/USDT): Not Found
2026-03-05 13:47:02.719 | INFO     | app.strategies.base:log:141 - [dca_bot] DCA buy #1/10 @ 0.0000
2026-03-05 13:47:02.753 | ERROR    | app.services.market_data:get_ticker:33 - get_ticker(BTC/INR): Not Found
2026-03-05 13:47:02.851 | ERROR    | app.services.market_data:get_ticker:33 - get_ticker(BTC/USDT): Not Found
2026-03-05 13:47:02.948 | ERROR    | app.services.market_data:get_candles:82 - get_candles(BTC/INR, 5m): Input start_time is missing
2026-03-05 13:47:03.046 | INFO     | app.trading.spot:place_spot_order:85 - [SIMULATION] Spot order placed: BTC/USDT BUY 0.001 @ None
2026-03-05 13:47:03.441 | ERROR    | app.services.market_data:get_candles:82 - get_candles(BTC/USDT, 1h): Input start_time is missing
2026-03-05 13:47:11.005 | ERROR    | app.services.market_data:get_ticker:33 - get_ticker(BTC/INR): Not Found
2026-03-05 13:47:11.013 | ERROR    | app.services.market_data:get_candles:82 - get_candles(BTC/INR, 5m): Input start_time is missing
2026-03-05 13:47:12.701 | ERROR    | app.services.market_data:get_ticker:33 - get_ticker(BTC/INR): Not Found
2026-03-05 13:47:12.736 | ERROR    | app.services.market_data:get_candles:82 - get_candles(BTC/INR, 5m): Input start_time is missing
2026-03-05 13:47:17.686 | ERROR    | app.services.market_data:get_ticker:33 - get_ticker(BTC/INR): Not Found
2026-03-05 13:47:17.699 | ERROR    | app.services.market_data:get_candles:82 - get_candles(BTC/INR, 5m): Input start_time is missing
2026-03-05 13:47:22.683 | ERROR    | app.services.market_data:get_ticker:33 - get_ticker(BTC/INR): Not Found
2026-03-05 13:47:22.720 | ERROR    | app.services.market_data:get_candles:82 - get_candles(BTC/INR, 5m): Input start_time is missing
2026-03-05 13:47:32.006 | INFO     | app.strategies.engine:load_strategies:63 - Loaded 5 strategies: ['ma_crossover', 'rsi_strategy', 'grid_trading', 'dca_bot', 'breakout']
2026-03-05 13:47:32.271 | ERROR    | app.services.market_data:get_candles:82 - get_candles(BTC/USDT, 1h): Input start_time is missing
2026-03-05 13:47:32.273 | WARNING  | app.strategies.base:log:141 - [ma_crossover] Not enough candles
2026-03-05 13:47:32.383 | ERROR    | app.services.market_data:get_candles:82 - get_candles(BTC/USDT, 1h): Input start_time is missing
2026-03-05 13:47:32.384 | WARNING  | app.strategies.base:log:141 - [rsi_strategy] Not enough candles
2026-03-05 13:47:32.514 | ERROR    | app.services.market_data:get_ticker:33 - get_ticker(BTC/USDT): Not Found
2026-03-05 13:47:32.639 | ERROR    | app.services.market_data:get_candles:82 - get_candles(BTC/USDT, 1h): Input start_time is missing
2026-03-05 13:47:32.761 | ERROR    | app.services.market_data:get_ticker:33 - get_ticker(BTC/USDT): Not Found
2026-03-05 13:47:32.762 | INFO     | app.strategies.base:log:141 - [dca_bot] DCA buy #1/10 @ 0.0000
2026-03-05 13:47:32.877 | ERROR    | app.services.market_data:get_ticker:33 - get_ticker(BTC/USDT): Not Found
2026-03-05 13:47:33.097 | INFO     | app.trading.spot:place_spot_order:85 - [SIMULATION] Spot order placed: BTC/USDT BUY 0.001 @ None
2026-03-05 13:47:33.488 | ERROR    | app.services.market_data:get_candles:82 - get_candles(BTC/USDT, 1h): Input start_time is missing
2026-03-05 13:48:01.995 | INFO     | app.strategies.engine:load_strategies:63 - Loaded 5 strategies: ['ma_crossover', 'rsi_strategy', 'grid_trading', 'dca_bot', 'breakout']
2026-03-05 13:48:03.047 | ERROR    | app.services.market_data:get_candles:82 - get_candles(BTC/USDT, 1h): Input start_time is missing
2026-03-05 13:48:03.050 | WARNING  | app.strategies.base:log:141 - [ma_crossover] Not enough candles
2026-03-05 13:48:03.397 | ERROR    | app.services.market_data:get_candles:82 - get_candles(BTC/USDT, 1h): Input start_time is missing
2026-03-05 13:48:03.401 | WARNING  | app.strategies.base:log:141 - [rsi_strategy] Not enough candles
2026-03-05 13:48:03.645 | ERROR    | app.services.market_data:get_ticker:33 - get_ticker(BTC/USDT): Not Found
2026-03-05 13:48:03.803 | ERROR    | app.services.market_data:get_candles:82 - get_candles(BTC/USDT, 1h): Input start_time is missing
2026-03-05 13:48:03.909 | ERROR    | app.services.market_data:get_ticker:33 - get_ticker(BTC/USDT): Not Found
2026-03-05 13:48:03.910 | INFO     | app.strategies.base:log:141 - [dca_bot] DCA buy #1/10 @ 0.0000
2026-03-05 13:48:04.053 | ERROR    | app.services.market_data:get_ticker:33 - get_ticker(BTC/USDT): Not Found
2026-03-05 13:48:04.352 | INFO     | app.trading.spot:place_spot_order:85 - [SIMULATION] Spot order placed: BTC/USDT BUY 0.001 @ None
2026-03-05 13:48:04.734 | ERROR    | app.services.market_data:get_candles:82 - get_candles(BTC/USDT, 1h): Input start_time is missing
2026-03-05 13:48:24.066 | ERROR    | app.services.market_data:get_ticker:33 - get_ticker(BTC/INR): Not Found
2026-03-05 13:48:24.123 | ERROR    | app.services.market_data:get_candles:82 - get_candles(BTC/INR, 5m): Input start_time is missing
2026-03-05 13:48:31.982 | INFO     | app.strategies.engine:load_strategies:63 - Loaded 5 strategies: ['ma_crossover', 'rsi_strategy', 'grid_trading', 'dca_bot', 'breakout']
2026-03-05 13:48:33.258 | ERROR    | app.services.market_data:get_candles:82 - get_candles(BTC/USDT, 1h): Input start_time is missing
2026-03-05 13:48:33.266 | WARNING  | app.strategies.base:log:141 - [ma_crossover] Not enough candles
2026-03-05 13:48:33.516 | ERROR    | app.services.market_data:get_candles:82 - get_candles(BTC/USDT, 1h): Input start_time is missing
2026-03-05 13:48:33.519 | WARNING  | app.strategies.base:log:141 - [rsi_strategy] Not enough candles
2026-03-05 13:48:34.187 | ERROR    | app.services.market_data:get_ticker:33 - get_ticker(BTC/USDT): Not Found
2026-03-05 13:48:34.313 | ERROR    | app.services.market_data:get_candles:82 - get_candles(BTC/USDT, 1h): Input start_time is missing
2026-03-05 13:48:34.543 | ERROR    | app.services.market_data:get_ticker:33 - get_ticker(BTC/USDT): Not Found
2026-03-05 13:48:34.544 | INFO     | app.strategies.base:log:141 - [dca_bot] DCA buy #1/10 @ 0.0000
2026-03-05 13:48:35.398 | ERROR    | app.services.market_data:get_ticker:33 - get_ticker(BTC/USDT): Not Found
2026-03-05 13:48:35.597 | INFO     | app.trading.spot:place_spot_order:85 - [SIMULATION] Spot order placed: BTC/USDT BUY 0.001 @ None
2026-03-05 13:48:35.996 | ERROR    | app.services.market_data:get_candles:82 - get_candles(BTC/USDT, 1h): Input start_time is missing
2026-03-05 13:49:01.988 | INFO     | app.strategies.engine:load_strategies:63 - Loaded 5 strategies: ['ma_crossover', 'rsi_strategy', 'grid_trading', 'dca_bot', 'breakout']
2026-03-05 13:49:02.857 | ERROR    | app.services.market_data:get_candles:82 - get_candles(BTC/USDT, 1h): Input start_time is missing
2026-03-05 13:49:02.859 | WARNING  | app.strategies.base:log:141 - [ma_crossover] Not enough candles
2026-03-05 13:49:03.050 | ERROR    | app.services.market_data:get_candles:82 - get_candles(BTC/USDT, 1h): Input start_time is missing
2026-03-05 13:49:03.064 | WARNING  | app.strategies.base:log:141 - [rsi_strategy] Not enough candles
2026-03-05 13:49:03.359 | ERROR    | app.services.market_data:get_ticker:33 - get_ticker(BTC/USDT): Not Found
2026-03-05 13:49:03.652 | ERROR    | app.services.market_data:get_candles:82 - get_candles(BTC/USDT, 1h): Input start_time is missing
2026-03-05 13:49:03.968 | ERROR    | app.services.market_data:get_ticker:33 - get_ticker(BTC/USDT): Not Found
2026-03-05 13:49:03.968 | INFO     | app.strategies.base:log:141 - [dca_bot] DCA buy #1/10 @ 0.0000
2026-03-05 13:49:04.203 | ERROR    | app.services.market_data:get_ticker:33 - get_ticker(BTC/USDT): Not Found
2026-03-05 13:49:04.745 | INFO     | app.trading.spot:place_spot_order:85 - [SIMULATION] Spot order placed: BTC/USDT BUY 0.001 @ None
2026-03-05 13:49:05.236 | ERROR    | app.services.market_data:get_candles:82 - get_candles(BTC/USDT, 1h): Input start_time is missing
2026-03-05 13:49:23.557 | ERROR    | app.services.market_data:get_ticker:33 - get_ticker(BTC/INR): Not Found
2026-03-05 13:49:23.606 | ERROR    | app.services.market_data:get_candles:82 - get_candles(BTC/INR, 5m): Input start_time is missing
2026-03-05 13:49:32.018 | INFO     | app.strategies.engine:load_strategies:63 - Loaded 5 strategies: ['ma_crossover', 'rsi_strategy', 'grid_trading', 'dca_bot', 'breakout']
2026-03-05 13:49:32.271 | ERROR    | app.services.market_data:get_candles:82 - get_candles(BTC/USDT, 1h): Input start_time is missing
2026-03-05 13:49:32.271 | WARNING  | app.strategies.base:log:141 - [ma_crossover] Not enough candles
2026-03-05 13:49:32.377 | ERROR    | app.services.market_data:get_candles:82 - get_candles(BTC/USDT, 1h): Input start_time is missing
2026-03-05 13:49:32.379 | WARNING  | app.strategies.base:log:141 - [rsi_strategy] Not enough candles
2026-03-05 13:49:32.478 | ERROR    | app.services.market_data:get_ticker:33 - get_ticker(BTC/USDT): Not Found
2026-03-05 13:49:32.548 | ERROR    | app.services.market_data:get_candles:82 - get_candles(BTC/USDT, 1h): Input start_time is missing
2026-03-05 13:49:32.634 | ERROR    | app.services.market_data:get_ticker:33 - get_ticker(BTC/USDT): Not Found
2026-03-05 13:49:32.637 | INFO     | app.strategies.base:log:141 - [dca_bot] DCA buy #1/10 @ 0.0000
2026-03-05 13:49:32.741 | ERROR    | app.services.market_data:get_ticker:33 - get_ticker(BTC/USDT): Not Found
2026-03-05 13:49:32.854 | INFO     | app.trading.spot:place_spot_order:85 - [SIMULATION] Spot order placed: BTC/USDT BUY 0.001 @ None
2026-03-05 13:49:33.186 | ERROR    | app.services.market_data:get_candles:82 - get_candles(BTC/USDT, 1h): Input start_time is missing
2026-03-05 13:50:01.994 | INFO     | app.strategies.engine:load_strategies:63 - Loaded 5 strategies: ['ma_crossover', 'rsi_strategy', 'grid_trading', 'dca_bot', 'breakout']
2026-03-05 13:50:02.232 | ERROR    | app.services.market_data:get_candles:82 - get_candles(BTC/USDT, 1h): Input start_time is missing
2026-03-05 13:50:02.232 | WARNING  | app.strategies.base:log:141 - [ma_crossover] Not enough candles
2026-03-05 13:50:02.324 | ERROR    | app.services.market_data:get_candles:82 - get_candles(BTC/USDT, 1h): Input start_time is missing
2026-03-05 13:50:02.335 | WARNING  | app.strategies.base:log:141 - [rsi_strategy] Not enough candles
2026-03-05 13:50:02.418 | ERROR    | app.services.market_data:get_ticker:33 - get_ticker(BTC/USDT): Not Found
2026-03-05 13:50:02.496 | ERROR    | app.services.market_data:get_candles:82 - get_candles(BTC/USDT, 1h): Input start_time is missing
2026-03-05 13:50:02.573 | ERROR    | app.services.market_data:get_ticker:33 - get_ticker(BTC/USDT): Not Found
2026-03-05 13:50:02.573 | INFO     | app.strategies.base:log:141 - [dca_bot] DCA buy #1/10 @ 0.0000
2026-03-05 13:50:02.669 | ERROR    | app.services.market_data:get_ticker:33 - get_ticker(BTC/USDT): Not Found
2026-03-05 13:50:03.429 | INFO     | app.trading.spot:place_spot_order:85 - [SIMULATION] Spot order placed: BTC/USDT BUY 0.001 @ None
2026-03-05 13:50:03.775 | ERROR    | app.services.market_data:get_candles:82 - get_candles(BTC/USDT, 1h): Input start_time is missing
2026-03-05 13:50:23.115 | ERROR    | app.services.market_data:get_candles:82 - get_candles(BTC/INR, 5m): Input start_time is missing
2026-03-05 13:50:23.127 | ERROR    | app.services.market_data:get_ticker:33 - get_ticker(BTC/INR): Not Found
2026-03-05 13:50:31.980 | INFO     | app.strategies.engine:load_strategies:63 - Loaded 5 strategies: ['ma_crossover', 'rsi_strategy', 'grid_trading', 'dca_bot', 'breakout']
2026-03-05 13:50:32.210 | ERROR    | app.services.market_data:get_candles:82 - get_candles(BTC/USDT, 1h): Input start_time is missing
2026-03-05 13:50:32.215 | WARNING  | app.strategies.base:log:141 - [ma_crossover] Not enough candles
2026-03-05 13:50:32.324 | ERROR    | app.services.market_data:get_candles:82 - get_candles(BTC/USDT, 1h): Input start_time is missing
2026-03-05 13:50:32.327 | WARNING  | app.strategies.base:log:141 - [rsi_strategy] Not enough candles
2026-03-05 13:50:32.431 | ERROR    | app.services.market_data:get_ticker:33 - get_ticker(BTC/USDT): Not Found
2026-03-05 13:50:32.544 | ERROR    | app.services.market_data:get_candles:82 - get_candles(BTC/USDT, 1h): Input start_time is missing
2026-03-05 13:50:32.664 | ERROR    | app.services.market_data:get_ticker:33 - get_ticker(BTC/USDT): Not Found
2026-03-05 13:50:32.664 | INFO     | app.strategies.base:log:141 - [dca_bot] DCA buy #1/10 @ 0.0000
2026-03-05 13:50:32.783 | ERROR    | app.services.market_data:get_ticker:33 - get_ticker(BTC/USDT): Not Found
2026-03-05 13:50:32.984 | INFO     | app.trading.spot:place_spot_order:85 - [SIMULATION] Spot order placed: BTC/USDT BUY 0.001 @ None
2026-03-05 13:50:33.343 | ERROR    | app.services.market_data:get_candles:82 - get_candles(BTC/USDT, 1h): Input start_time is missing
2026-03-05 13:51:01.986 | INFO     | app.strategies.engine:load_strategies:63 - Loaded 5 strategies: ['ma_crossover', 'rsi_strategy', 'grid_trading', 'dca_bot', 'breakout']
2026-03-05 13:51:02.359 | ERROR    | app.services.market_data:get_candles:82 - get_candles(BTC/USDT, 1h): Input start_time is missing
2026-03-05 13:51:02.362 | WARNING  | app.strategies.base:log:141 - [ma_crossover] Not enough candles
2026-03-05 13:51:02.521 | ERROR    | app.services.market_data:get_candles:82 - get_candles(BTC/USDT, 1h): Input start_time is missing
2026-03-05 13:51:02.524 | WARNING  | app.strategies.base:log:141 - [rsi_strategy] Not enough candles
2026-03-05 13:51:02.676 | ERROR    | app.services.market_data:get_ticker:33 - get_ticker(BTC/USDT): Not Found
2026-03-05 13:51:02.843 | ERROR    | app.services.market_data:get_candles:82 - get_candles(BTC/USDT, 1h): Input start_time is missing
2026-03-05 13:51:02.998 | ERROR    | app.services.market_data:get_ticker:33 - get_ticker(BTC/USDT): Not Found
2026-03-05 13:51:03.001 | INFO     | app.strategies.base:log:141 - [dca_bot] DCA buy #1/10 @ 0.0000
2026-03-05 13:51:03.158 | ERROR    | app.services.market_data:get_ticker:33 - get_ticker(BTC/USDT): Not Found
2026-03-05 13:51:03.697 | INFO     | app.trading.spot:place_spot_order:85 - [SIMULATION] Spot order placed: BTC/USDT BUY 0.001 @ None
2026-03-05 13:51:04.092 | ERROR    | app.services.market_data:get_candles:82 - get_candles(BTC/USDT, 1h): Input start_time is missing
2026-03-05 13:51:23.401 | ERROR    | app.services.market_data:get_ticker:33 - get_ticker(BTC/INR): Not Found
2026-03-05 13:51:23.424 | ERROR    | app.services.market_data:get_candles:82 - get_candles(BTC/INR, 5m): Input start_time is missing
2026-03-05 13:51:31.982 | INFO     | app.strategies.engine:load_strategies:63 - Loaded 5 strategies: ['ma_crossover', 'rsi_strategy', 'grid_trading', 'dca_bot', 'breakout']
2026-03-05 13:51:32.720 | ERROR    | app.services.market_data:get_candles:82 - get_candles(BTC/USDT, 1h): Input start_time is missing
2026-03-05 13:51:32.720 | WARNING  | app.strategies.base:log:141 - [ma_crossover] Not enough candles
2026-03-05 13:51:32.886 | ERROR    | app.services.market_data:get_candles:82 - get_candles(BTC/USDT, 1h): Input start_time is missing
2026-03-05 13:51:32.886 | WARNING  | app.strategies.base:log:141 - [rsi_strategy] Not enough candles
2026-03-05 13:51:33.034 | ERROR    | app.services.market_data:get_ticker:33 - get_ticker(BTC/USDT): Not Found
2026-03-05 13:51:33.203 | ERROR    | app.services.market_data:get_candles:82 - get_candles(BTC/USDT, 1h): Input start_time is missing
2026-03-05 13:51:33.368 | ERROR    | app.services.market_data:get_ticker:33 - get_ticker(BTC/USDT): Not Found
2026-03-05 13:51:33.368 | INFO     | app.strategies.base:log:141 - [dca_bot] DCA buy #1/10 @ 0.0000
2026-03-05 13:51:33.515 | ERROR    | app.services.market_data:get_ticker:33 - get_ticker(BTC/USDT): Not Found
2026-03-05 13:51:33.721 | INFO     | app.trading.spot:place_spot_order:85 - [SIMULATION] Spot order placed: BTC/USDT BUY 0.001 @ None
2026-03-05 13:51:34.131 | ERROR    | app.services.market_data:get_candles:82 - get_candles(BTC/USDT, 1h): Input start_time is missing
2026-03-05 13:52:02.001 | INFO     | app.strategies.engine:load_strategies:63 - Loaded 5 strategies: ['ma_crossover', 'rsi_strategy', 'grid_trading', 'dca_bot', 'breakout']
2026-03-05 13:52:02.203 | ERROR    | app.services.market_data:get_candles:82 - get_candles(BTC/USDT, 1h): Input start_time is missing
2026-03-05 13:52:02.203 | WARNING  | app.strategies.base:log:141 - [ma_crossover] Not enough candles
2026-03-05 13:52:02.323 | ERROR    | app.services.market_data:get_candles:82 - get_candles(BTC/USDT, 1h): Input start_time is missing
2026-03-05 13:52:02.323 | WARNING  | app.strategies.base:log:141 - [rsi_strategy] Not enough candles
2026-03-05 13:52:02.419 | ERROR    | app.services.market_data:get_ticker:33 - get_ticker(BTC/USDT): Not Found
2026-03-05 13:52:02.511 | ERROR    | app.services.market_data:get_candles:82 - get_candles(BTC/USDT, 1h): Input start_time is missing
2026-03-05 13:52:02.598 | ERROR    | app.services.market_data:get_ticker:33 - get_ticker(BTC/USDT): Not Found
2026-03-05 13:52:02.598 | INFO     | app.strategies.base:log:141 - [dca_bot] DCA buy #1/10 @ 0.0000
2026-03-05 13:52:02.707 | ERROR    | app.services.market_data:get_ticker:33 - get_ticker(BTC/USDT): Not Found
2026-03-05 13:52:03.241 | INFO     | app.trading.spot:place_spot_order:85 - [SIMULATION] Spot order placed: BTC/USDT BUY 0.001 @ None
2026-03-05 13:52:03.569 | ERROR    | app.services.market_data:get_candles:82 - get_candles(BTC/USDT, 1h): Input start_time is missing
2026-03-05 13:52:23.118 | ERROR    | app.services.market_data:get_ticker:33 - get_ticker(BTC/INR): Not Found
2026-03-05 13:52:23.180 | ERROR    | app.services.market_data:get_candles:82 - get_candles(BTC/INR, 5m): Input start_time is missing
2026-03-05 13:52:32.004 | INFO     | app.strategies.engine:load_strategies:63 - Loaded 5 strategies: ['ma_crossover', 'rsi_strategy', 'grid_trading', 'dca_bot', 'breakout']
2026-03-05 13:52:32.244 | ERROR    | app.services.market_data:get_candles:82 - get_candles(BTC/USDT, 1h): Input start_time is missing
2026-03-05 13:52:32.244 | WARNING  | app.strategies.base:log:141 - [ma_crossover] Not enough candles
2026-03-05 13:52:32.337 | ERROR    | app.services.market_data:get_candles:82 - get_candles(BTC/USDT, 1h): Input start_time is missing
2026-03-05 13:52:32.340 | WARNING  | app.strategies.base:log:141 - [rsi_strategy] Not enough candles
2026-03-05 13:52:32.438 | ERROR    | app.services.market_data:get_ticker:33 - get_ticker(BTC/USDT): Not Found
2026-03-05 13:52:32.527 | ERROR    | app.services.market_data:get_candles:82 - get_candles(BTC/USDT, 1h): Input start_time is missing
2026-03-05 13:52:32.637 | ERROR    | app.services.market_data:get_ticker:33 - get_ticker(BTC/USDT): Not Found
2026-03-05 13:52:32.637 | INFO     | app.strategies.base:log:141 - [dca_bot] DCA buy #1/10 @ 0.0000
2026-03-05 13:52:32.759 | ERROR    | app.services.market_data:get_ticker:33 - get_ticker(BTC/USDT): Not Found
2026-03-05 13:52:32.963 | INFO     | app.trading.spot:place_spot_order:85 - [SIMULATION] Spot order placed: BTC/USDT BUY 0.001 @ None
2026-03-05 13:52:33.338 | ERROR    | app.services.market_data:get_candles:82 - get_candles(BTC/USDT, 1h): Input start_time is missing
2026-03-05 13:53:01.992 | INFO     | app.strategies.engine:load_strategies:63 - Loaded 5 strategies: ['ma_crossover', 'rsi_strategy', 'grid_trading', 'dca_bot', 'breakout']
2026-03-05 13:53:02.245 | ERROR    | app.services.market_data:get_candles:82 - get_candles(BTC/USDT, 1h): Input start_time is missing
2026-03-05 13:53:02.245 | WARNING  | app.strategies.base:log:141 - [ma_crossover] Not enough candles
2026-03-05 13:53:02.393 | ERROR    | app.services.market_data:get_candles:82 - get_candles(BTC/USDT, 1h): Input start_time is missing
2026-03-05 13:53:02.396 | WARNING  | app.strategies.base:log:141 - [rsi_strategy] Not enough candles
2026-03-05 13:53:02.492 | ERROR    | app.services.market_data:get_ticker:33 - get_ticker(BTC/USDT): Not Found
2026-03-05 13:53:02.608 | ERROR    | app.services.market_data:get_candles:82 - get_candles(BTC/USDT, 1h): Input start_time is missing
2026-03-05 13:53:02.709 | ERROR    | app.services.market_data:get_ticker:33 - get_ticker(BTC/USDT): Not Found
2026-03-05 13:53:02.709 | INFO     | app.strategies.base:log:141 - [dca_bot] DCA buy #1/10 @ 0.0000
2026-03-05 13:53:02.808 | ERROR    | app.services.market_data:get_ticker:33 - get_ticker(BTC/USDT): Not Found
2026-03-05 13:53:03.027 | INFO     | app.trading.spot:place_spot_order:85 - [SIMULATION] Spot order placed: BTC/USDT BUY 0.001 @ None
2026-03-05 13:53:03.369 | ERROR    | app.services.market_data:get_candles:82 - get_candles(BTC/USDT, 1h): Input start_time is missing
2026-03-05 13:53:23.254 | ERROR    | app.services.market_data:get_candles:82 - get_candles(BTC/INR, 5m): Input start_time is missing
2026-03-05 13:53:23.326 | ERROR    | app.services.market_data:get_ticker:33 - get_ticker(BTC/INR): Not Found
2026-03-05 13:53:32.001 | INFO     | app.strategies.engine:load_strategies:63 - Loaded 5 strategies: ['ma_crossover', 'rsi_strategy', 'grid_trading', 'dca_bot', 'breakout']
2026-03-05 13:53:32.353 | ERROR    | app.services.market_data:get_candles:82 - get_candles(BTC/USDT, 1h): Input start_time is missing
2026-03-05 13:53:32.353 | WARNING  | app.strategies.base:log:141 - [ma_crossover] Not enough candles
2026-03-05 13:53:32.499 | ERROR    | app.services.market_data:get_candles:82 - get_candles(BTC/USDT, 1h): Input start_time is missing
2026-03-05 13:53:32.514 | WARNING  | app.strategies.base:log:141 - [rsi_strategy] Not enough candles
2026-03-05 13:53:32.666 | ERROR    | app.services.market_data:get_ticker:33 - get_ticker(BTC/USDT): Not Found
2026-03-05 13:53:32.818 | ERROR    | app.services.market_data:get_candles:82 - get_candles(BTC/USDT, 1h): Input start_time is missing
2026-03-05 13:53:32.981 | ERROR    | app.services.market_data:get_ticker:33 - get_ticker(BTC/USDT): Not Found
2026-03-05 13:53:32.983 | INFO     | app.strategies.base:log:141 - [dca_bot] DCA buy #1/10 @ 0.0000
2026-03-05 13:53:33.172 | ERROR    | app.services.market_data:get_ticker:33 - get_ticker(BTC/USDT): Not Found
2026-03-05 13:53:33.405 | INFO     | app.trading.spot:place_spot_order:85 - [SIMULATION] Spot order placed: BTC/USDT BUY 0.001 @ None
2026-03-05 13:53:33.827 | ERROR    | app.services.market_data:get_candles:82 - get_candles(BTC/USDT, 1h): Input start_time is missing
2026-03-05 13:54:01.992 | INFO     | app.strategies.engine:load_strategies:63 - Loaded 5 strategies: ['ma_crossover', 'rsi_strategy', 'grid_trading', 'dca_bot', 'breakout']
2026-03-05 13:54:02.336 | ERROR    | app.services.market_data:get_candles:82 - get_candles(BTC/USDT, 1h): Input start_time is missing
2026-03-05 13:54:02.336 | WARNING  | app.strategies.base:log:141 - [ma_crossover] Not enough candles
2026-03-05 13:54:02.487 | ERROR    | app.services.market_data:get_candles:82 - get_candles(BTC/USDT, 1h): Input start_time is missing
2026-03-05 13:54:02.487 | WARNING  | app.strategies.base:log:141 - [rsi_strategy] Not enough candles
2026-03-05 13:54:02.652 | ERROR    | app.services.market_data:get_ticker:33 - get_ticker(BTC/USDT): Not Found
2026-03-05 13:54:02.818 | ERROR    | app.services.market_data:get_candles:82 - get_candles(BTC/USDT, 1h): Input start_time is missing
2026-03-05 13:54:02.959 | ERROR    | app.services.market_data:get_ticker:33 - get_ticker(BTC/USDT): Not Found
2026-03-05 13:54:02.959 | INFO     | app.strategies.base:log:141 - [dca_bot] DCA buy #1/10 @ 0.0000
2026-03-05 13:54:03.103 | ERROR    | app.services.market_data:get_ticker:33 - get_ticker(BTC/USDT): Not Found
2026-03-05 13:54:03.645 | INFO     | app.trading.spot:place_spot_order:85 - [SIMULATION] Spot order placed: BTC/USDT BUY 0.001 @ None
2026-03-05 13:54:04.025 | ERROR    | app.services.market_data:get_candles:82 - get_candles(BTC/USDT, 1h): Input start_time is missing
2026-03-05 13:54:23.181 | ERROR    | app.services.market_data:get_ticker:33 - get_ticker(BTC/INR): Not Found
2026-03-05 13:54:23.186 | ERROR    | app.services.market_data:get_candles:82 - get_candles(BTC/INR, 5m): Input start_time is missing
2026-03-05 13:54:31.990 | INFO     | app.strategies.engine:load_strategies:63 - Loaded 5 strategies: ['ma_crossover', 'rsi_strategy', 'grid_trading', 'dca_bot', 'breakout']
2026-03-05 13:54:32.241 | ERROR    | app.services.market_data:get_candles:82 - get_candles(BTC/USDT, 1h): Input start_time is missing
2026-03-05 13:54:32.241 | WARNING  | app.strategies.base:log:141 - [ma_crossover] Not enough candles
2026-03-05 13:54:32.344 | ERROR    | app.services.market_data:get_candles:82 - get_candles(BTC/USDT, 1h): Input start_time is missing
2026-03-05 13:54:32.344 | WARNING  | app.strategies.base:log:141 - [rsi_strategy] Not enough candles
2026-03-05 13:54:32.460 | ERROR    | app.services.market_data:get_ticker:33 - get_ticker(BTC/USDT): Not Found
2026-03-05 13:54:32.543 | ERROR    | app.services.market_data:get_candles:82 - get_candles(BTC/USDT, 1h): Input start_time is missing
2026-03-05 13:54:32.664 | ERROR    | app.services.market_data:get_ticker:33 - get_ticker(BTC/USDT): Not Found
2026-03-05 13:54:32.664 | INFO     | app.strategies.base:log:141 - [dca_bot] DCA buy #1/10 @ 0.0000
2026-03-05 13:54:32.773 | ERROR    | app.services.market_data:get_ticker:33 - get_ticker(BTC/USDT): Not Found
2026-03-05 13:54:32.990 | INFO     | app.trading.spot:place_spot_order:85 - [SIMULATION] Spot order placed: BTC/USDT BUY 0.001 @ None
2026-03-05 13:54:33.346 | ERROR    | app.services.market_data:get_candles:82 - get_candles(BTC/USDT, 1h): Input start_time is missing
2026-03-05 13:55:01.999 | INFO     | app.strategies.engine:load_strategies:63 - Loaded 5 strategies: ['ma_crossover', 'rsi_strategy', 'grid_trading', 'dca_bot', 'breakout']
2026-03-05 13:55:02.202 | ERROR    | app.services.market_data:get_candles:82 - get_candles(BTC/USDT, 1h): Input start_time is missing
2026-03-05 13:55:02.210 | WARNING  | app.strategies.base:log:141 - [ma_crossover] Not enough candles
2026-03-05 13:55:02.312 | ERROR    | app.services.market_data:get_candles:82 - get_candles(BTC/USDT, 1h): Input start_time is missing
2026-03-05 13:55:02.313 | WARNING  | app.strategies.base:log:141 - [rsi_strategy] Not enough candles
2026-03-05 13:55:02.427 | ERROR    | app.services.market_data:get_ticker:33 - get_ticker(BTC/USDT): Not Found
2026-03-05 13:55:02.512 | ERROR    | app.services.market_data:get_candles:82 - get_candles(BTC/USDT, 1h): Input start_time is missing
2026-03-05 13:55:02.605 | ERROR    | app.services.market_data:get_ticker:33 - get_ticker(BTC/USDT): Not Found
2026-03-05 13:55:02.607 | INFO     | app.strategies.base:log:141 - [dca_bot] DCA buy #1/10 @ 0.0000
2026-03-05 13:55:02.728 | ERROR    | app.services.market_data:get_ticker:33 - get_ticker(BTC/USDT): Not Found
2026-03-05 13:55:02.937 | INFO     | app.trading.spot:place_spot_order:85 - [SIMULATION] Spot order placed: BTC/USDT BUY 0.001 @ None
2026-03-05 13:55:03.295 | ERROR    | app.services.market_data:get_candles:82 - get_candles(BTC/USDT, 1h): Input start_time is missing
2026-03-05 13:55:23.249 | ERROR    | app.services.market_data:get_ticker:33 - get_ticker(BTC/INR): Not Found
2026-03-05 13:55:23.251 | ERROR    | app.services.market_data:get_candles:82 - get_candles(BTC/INR, 5m): Input start_time is missing
2026-03-05 13:55:31.984 | INFO     | app.strategies.engine:load_strategies:63 - Loaded 5 strategies: ['ma_crossover', 'rsi_strategy', 'grid_trading', 'dca_bot', 'breakout']
2026-03-05 13:55:32.523 | ERROR    | app.services.market_data:get_candles:82 - get_candles(BTC/USDT, 1h): Input start_time is missing
2026-03-05 13:55:32.523 | WARNING  | app.strategies.base:log:141 - [ma_crossover] Not enough candles
2026-03-05 13:55:32.610 | ERROR    | app.services.market_data:get_candles:82 - get_candles(BTC/USDT, 1h): Input start_time is missing
2026-03-05 13:55:32.612 | WARNING  | app.strategies.base:log:141 - [rsi_strategy] Not enough candles
2026-03-05 13:55:32.709 | ERROR    | app.services.market_data:get_ticker:33 - get_ticker(BTC/USDT): Not Found
2026-03-05 13:55:32.789 | ERROR    | app.services.market_data:get_candles:82 - get_candles(BTC/USDT, 1h): Input start_time is missing
2026-03-05 13:55:32.889 | ERROR    | app.services.market_data:get_ticker:33 - get_ticker(BTC/USDT): Not Found
2026-03-05 13:55:32.891 | INFO     | app.strategies.base:log:141 - [dca_bot] DCA buy #1/10 @ 0.0000
2026-03-05 13:55:32.981 | ERROR    | app.services.market_data:get_ticker:33 - get_ticker(BTC/USDT): Not Found
2026-03-05 13:55:33.207 | INFO     | app.trading.spot:place_spot_order:85 - [SIMULATION] Spot order placed: BTC/USDT BUY 0.001 @ None
2026-03-05 13:55:33.548 | ERROR    | app.services.market_data:get_candles:82 - get_candles(BTC/USDT, 1h): Input start_time is missing
2026-03-05 13:56:01.996 | INFO     | app.strategies.engine:load_strategies:63 - Loaded 5 strategies: ['ma_crossover', 'rsi_strategy', 'grid_trading', 'dca_bot', 'breakout']
2026-03-05 13:56:02.221 | ERROR    | app.services.market_data:get_candles:82 - get_candles(BTC/USDT, 1h): Input start_time is missing
2026-03-05 13:56:02.221 | WARNING  | app.strategies.base:log:141 - [ma_crossover] Not enough candles
2026-03-05 13:56:02.331 | ERROR    | app.services.market_data:get_candles:82 - get_candles(BTC/USDT, 1h): Input start_time is missing
2026-03-05 13:56:02.334 | WARNING  | app.strategies.base:log:141 - [rsi_strategy] Not enough candles
2026-03-05 13:56:02.455 | ERROR    | app.services.market_data:get_ticker:33 - get_ticker(BTC/USDT): Not Found
2026-03-05 13:56:02.567 | ERROR    | app.services.market_data:get_candles:82 - get_candles(BTC/USDT, 1h): Input start_time is missing
2026-03-05 13:56:02.679 | ERROR    | app.services.market_data:get_ticker:33 - get_ticker(BTC/USDT): Not Found
2026-03-05 13:56:02.681 | INFO     | app.strategies.base:log:141 - [dca_bot] DCA buy #1/10 @ 0.0000
2026-03-05 13:56:02.796 | ERROR    | app.services.market_data:get_ticker:33 - get_ticker(BTC/USDT): Not Found
2026-03-05 13:56:03.334 | INFO     | app.trading.spot:place_spot_order:85 - [SIMULATION] Spot order placed: BTC/USDT BUY 0.001 @ None
2026-03-05 13:56:03.687 | ERROR    | app.services.market_data:get_candles:82 - get_candles(BTC/USDT, 1h): Input start_time is missing
2026-03-05 13:56:23.121 | ERROR    | app.services.market_data:get_ticker:33 - get_ticker(BTC/INR): Not Found
2026-03-05 13:56:23.125 | ERROR    | app.services.market_data:get_candles:82 - get_candles(BTC/INR, 5m): Input start_time is missing
2026-03-05 13:56:31.997 | INFO     | app.strategies.engine:load_strategies:63 - Loaded 5 strategies: ['ma_crossover', 'rsi_strategy', 'grid_trading', 'dca_bot', 'breakout']
2026-03-05 13:56:32.347 | ERROR    | app.services.market_data:get_candles:82 - get_candles(BTC/USDT, 1h): Input start_time is missing
2026-03-05 13:56:32.349 | WARNING  | app.strategies.base:log:141 - [ma_crossover] Not enough candles
2026-03-05 13:56:32.493 | ERROR    | app.services.market_data:get_candles:82 - get_candles(BTC/USDT, 1h): Input start_time is missing
2026-03-05 13:56:32.497 | WARNING  | app.strategies.base:log:141 - [rsi_strategy] Not enough candles
2026-03-05 13:56:32.632 | ERROR    | app.services.market_data:get_ticker:33 - get_ticker(BTC/USDT): Not Found
2026-03-05 13:56:32.765 | ERROR    | app.services.market_data:get_candles:82 - get_candles(BTC/USDT, 1h): Input start_time is missing
2026-03-05 13:56:32.913 | ERROR    | app.services.market_data:get_ticker:33 - get_ticker(BTC/USDT): Not Found
2026-03-05 13:56:32.916 | INFO     | app.strategies.base:log:141 - [dca_bot] DCA buy #1/10 @ 0.0000
2026-03-05 13:56:33.070 | ERROR    | app.services.market_data:get_ticker:33 - get_ticker(BTC/USDT): Not Found
2026-03-05 13:56:33.198 | INFO     | app.trading.spot:place_spot_order:85 - [SIMULATION] Spot order placed: BTC/USDT BUY 0.001 @ None
2026-03-05 13:56:33.594 | ERROR    | app.services.market_data:get_candles:82 - get_candles(BTC/USDT, 1h): Input start_time is missing
2026-03-05 13:57:02.005 | INFO     | app.strategies.engine:load_strategies:63 - Loaded 5 strategies: ['ma_crossover', 'rsi_strategy', 'grid_trading', 'dca_bot', 'breakout']
2026-03-05 13:57:02.410 | ERROR    | app.services.market_data:get_candles:82 - get_candles(BTC/USDT, 1h): Input start_time is missing
2026-03-05 13:57:02.411 | WARNING  | app.strategies.base:log:141 - [ma_crossover] Not enough candles
2026-03-05 13:57:02.553 | ERROR    | app.services.market_data:get_candles:82 - get_candles(BTC/USDT, 1h): Input start_time is missing
2026-03-05 13:57:02.555 | WARNING  | app.strategies.base:log:141 - [rsi_strategy] Not enough candles
2026-03-05 13:57:02.721 | ERROR    | app.services.market_data:get_ticker:33 - get_ticker(BTC/USDT): Not Found
2026-03-05 13:57:02.876 | ERROR    | app.services.market_data:get_candles:82 - get_candles(BTC/USDT, 1h): Input start_time is missing
2026-03-05 13:57:03.038 | ERROR    | app.services.market_data:get_ticker:33 - get_ticker(BTC/USDT): Not Found
2026-03-05 13:57:03.038 | INFO     | app.strategies.base:log:141 - [dca_bot] DCA buy #1/10 @ 0.0000
2026-03-05 13:57:03.201 | ERROR    | app.services.market_data:get_ticker:33 - get_ticker(BTC/USDT): Not Found
2026-03-05 13:57:03.731 | INFO     | app.trading.spot:place_spot_order:85 - [SIMULATION] Spot order placed: BTC/USDT BUY 0.001 @ None
2026-03-05 13:57:04.107 | ERROR    | app.services.market_data:get_candles:82 - get_candles(BTC/USDT, 1h): Input start_time is missing
2026-03-05 13:57:23.244 | ERROR    | app.services.market_data:get_ticker:33 - get_ticker(BTC/INR): Not Found
2026-03-05 13:57:23.280 | ERROR    | app.services.market_data:get_candles:82 - get_candles(BTC/INR, 5m): Input start_time is missing
2026-03-05 13:57:31.980 | INFO     | app.strategies.engine:load_strategies:63 - Loaded 5 strategies: ['ma_crossover', 'rsi_strategy', 'grid_trading', 'dca_bot', 'breakout']
2026-03-05 13:57:32.405 | ERROR    | app.services.market_data:get_candles:82 - get_candles(BTC/USDT, 1h): Input start_time is missing
2026-03-05 13:57:32.405 | WARNING  | app.strategies.base:log:141 - [ma_crossover] Not enough candles
2026-03-05 13:57:32.550 | ERROR    | app.services.market_data:get_candles:82 - get_candles(BTC/USDT, 1h): Input start_time is missing
2026-03-05 13:57:32.555 | WARNING  | app.strategies.base:log:141 - [rsi_strategy] Not enough candles
2026-03-05 13:57:32.722 | ERROR    | app.services.market_data:get_ticker:33 - get_ticker(BTC/USDT): Not Found
2026-03-05 13:57:32.899 | ERROR    | app.services.market_data:get_candles:82 - get_candles(BTC/USDT, 1h): Input start_time is missing
2026-03-05 13:57:33.056 | ERROR    | app.services.market_data:get_ticker:33 - get_ticker(BTC/USDT): Not Found
2026-03-05 13:57:33.058 | INFO     | app.strategies.base:log:141 - [dca_bot] DCA buy #1/10 @ 0.0000
2026-03-05 13:57:33.227 | ERROR    | app.services.market_data:get_ticker:33 - get_ticker(BTC/USDT): Not Found
2026-03-05 13:57:33.440 | INFO     | app.trading.spot:place_spot_order:85 - [SIMULATION] Spot order placed: BTC/USDT BUY 0.001 @ None
2026-03-05 13:57:33.843 | ERROR    | app.services.market_data:get_candles:82 - get_candles(BTC/USDT, 1h): Input start_time is missing
2026-03-05 13:58:01.985 | INFO     | app.strategies.engine:load_strategies:63 - Loaded 5 strategies: ['ma_crossover', 'rsi_strategy', 'grid_trading', 'dca_bot', 'breakout']
2026-03-05 13:58:02.217 | ERROR    | app.services.market_data:get_candles:82 - get_candles(BTC/USDT, 1h): Input start_time is missing
2026-03-05 13:58:02.217 | WARNING  | app.strategies.base:log:141 - [ma_crossover] Not enough candles
2026-03-05 13:58:02.334 | ERROR    | app.services.market_data:get_candles:82 - get_candles(BTC/USDT, 1h): Input start_time is missing
2026-03-05 13:58:02.335 | WARNING  | app.strategies.base:log:141 - [rsi_strategy] Not enough candles
2026-03-05 13:58:02.444 | ERROR    | app.services.market_data:get_ticker:33 - get_ticker(BTC/USDT): Not Found
2026-03-05 13:58:02.540 | ERROR    | app.services.market_data:get_candles:82 - get_candles(BTC/USDT, 1h): Input start_time is missing
2026-03-05 13:58:02.648 | ERROR    | app.services.market_data:get_ticker:33 - get_ticker(BTC/USDT): Not Found
2026-03-05 13:58:02.649 | INFO     | app.strategies.base:log:141 - [dca_bot] DCA buy #1/10 @ 0.0000
2026-03-05 13:58:02.757 | ERROR    | app.services.market_data:get_ticker:33 - get_ticker(BTC/USDT): Not Found
2026-03-05 13:58:03.277 | INFO     | app.trading.spot:place_spot_order:85 - [SIMULATION] Spot order placed: BTC/USDT BUY 0.001 @ None
2026-03-05 13:58:03.625 | ERROR    | app.services.market_data:get_candles:82 - get_candles(BTC/USDT, 1h): Input start_time is missing
2026-03-05 13:58:23.136 | ERROR    | app.services.market_data:get_candles:82 - get_candles(BTC/INR, 5m): Input start_time is missing
2026-03-05 13:58:23.145 | ERROR    | app.services.market_data:get_ticker:33 - get_ticker(BTC/INR): Not Found
2026-03-05 13:58:31.984 | INFO     | app.strategies.engine:load_strategies:63 - Loaded 5 strategies: ['ma_crossover', 'rsi_strategy', 'grid_trading', 'dca_bot', 'breakout']
2026-03-05 13:58:32.173 | ERROR    | app.services.market_data:get_candles:82 - get_candles(BTC/USDT, 1h): Input start_time is missing
2026-03-05 13:58:32.188 | WARNING  | app.strategies.base:log:141 - [ma_crossover] Not enough candles
2026-03-05 13:58:32.277 | ERROR    | app.services.market_data:get_candles:82 - get_candles(BTC/USDT, 1h): Input start_time is missing
2026-03-05 13:58:32.279 | WARNING  | app.strategies.base:log:141 - [rsi_strategy] Not enough candles
2026-03-05 13:58:32.376 | ERROR    | app.services.market_data:get_ticker:33 - get_ticker(BTC/USDT): Not Found
2026-03-05 13:58:32.464 | ERROR    | app.services.market_data:get_candles:82 - get_candles(BTC/USDT, 1h): Input start_time is missing
2026-03-05 13:58:32.554 | ERROR    | app.services.market_data:get_ticker:33 - get_ticker(BTC/USDT): Not Found
2026-03-05 13:58:32.556 | INFO     | app.strategies.base:log:141 - [dca_bot] DCA buy #1/10 @ 0.0000
2026-03-05 13:58:32.658 | ERROR    | app.services.market_data:get_ticker:33 - get_ticker(BTC/USDT): Not Found
2026-03-05 13:58:32.887 | INFO     | app.trading.spot:place_spot_order:85 - [SIMULATION] Spot order placed: BTC/USDT BUY 0.001 @ None
2026-03-05 13:58:33.244 | ERROR    | app.services.market_data:get_candles:82 - get_candles(BTC/USDT, 1h): Input start_time is missing
2026-03-05 13:59:02.001 | INFO     | app.strategies.engine:load_strategies:63 - Loaded 5 strategies: ['ma_crossover', 'rsi_strategy', 'grid_trading', 'dca_bot', 'breakout']
2026-03-05 13:59:02.267 | ERROR    | app.services.market_data:get_candles:82 - get_candles(BTC/USDT, 1h): Input start_time is missing
2026-03-05 13:59:02.269 | WARNING  | app.strategies.base:log:141 - [ma_crossover] Not enough candles
2026-03-05 13:59:02.344 | ERROR    | app.services.market_data:get_candles:82 - get_candles(BTC/USDT, 1h): Input start_time is missing
2026-03-05 13:59:02.360 | WARNING  | app.strategies.base:log:141 - [rsi_strategy] Not enough candles
2026-03-05 13:59:02.461 | ERROR    | app.services.market_data:get_ticker:33 - get_ticker(BTC/USDT): Not Found
2026-03-05 13:59:02.562 | ERROR    | app.services.market_data:get_candles:82 - get_candles(BTC/USDT, 1h): Input start_time is missing
2026-03-05 13:59:02.679 | ERROR    | app.services.market_data:get_ticker:33 - get_ticker(BTC/USDT): Not Found
2026-03-05 13:59:02.679 | INFO     | app.strategies.base:log:141 - [dca_bot] DCA buy #1/10 @ 0.0000
2026-03-05 13:59:02.782 | ERROR    | app.services.market_data:get_ticker:33 - get_ticker(BTC/USDT): Not Found
2026-03-05 13:59:02.994 | INFO     | app.trading.spot:place_spot_order:85 - [SIMULATION] Spot order placed: BTC/USDT BUY 0.001 @ None
2026-03-05 13:59:03.330 | ERROR    | app.services.market_data:get_candles:82 - get_candles(BTC/USDT, 1h): Input start_time is missing
2026-03-05 13:59:23.148 | ERROR    | app.services.market_data:get_ticker:33 - get_ticker(BTC/INR): Not Found
2026-03-05 13:59:23.191 | ERROR    | app.services.market_data:get_candles:82 - get_candles(BTC/INR, 5m): Input start_time is missing
2026-03-05 13:59:31.995 | INFO     | app.strategies.engine:load_strategies:63 - Loaded 5 strategies: ['ma_crossover', 'rsi_strategy', 'grid_trading', 'dca_bot', 'breakout']
2026-03-05 13:59:32.301 | ERROR    | app.services.market_data:get_candles:82 - get_candles(BTC/USDT, 1h): Input start_time is missing
2026-03-05 13:59:32.301 | WARNING  | app.strategies.base:log:141 - [ma_crossover] Not enough candles
2026-03-05 13:59:32.401 | ERROR    | app.services.market_data:get_candles:82 - get_candles(BTC/USDT, 1h): Input start_time is missing
2026-03-05 13:59:32.416 | WARNING  | app.strategies.base:log:141 - [rsi_strategy] Not enough candles
2026-03-05 13:59:32.525 | ERROR    | app.services.market_data:get_ticker:33 - get_ticker(BTC/USDT): Not Found
2026-03-05 13:59:32.617 | ERROR    | app.services.market_data:get_candles:82 - get_candles(BTC/USDT, 1h): Input start_time is missing
2026-03-05 13:59:32.718 | ERROR    | app.services.market_data:get_ticker:33 - get_ticker(BTC/USDT): Not Found
2026-03-05 13:59:32.722 | INFO     | app.strategies.base:log:141 - [dca_bot] DCA buy #1/10 @ 0.0000
2026-03-05 13:59:32.824 | ERROR    | app.services.market_data:get_ticker:33 - get_ticker(BTC/USDT): Not Found
2026-03-05 13:59:32.961 | INFO     | app.trading.spot:place_spot_order:85 - [SIMULATION] Spot order placed: BTC/USDT BUY 0.001 @ None
2026-03-05 13:59:33.318 | ERROR    | app.services.market_data:get_candles:82 - get_candles(BTC/USDT, 1h): Input start_time is missing
2026-03-05 14:00:01.988 | INFO     | app.strategies.engine:load_strategies:63 - Loaded 5 strategies: ['ma_crossover', 'rsi_strategy', 'grid_trading', 'dca_bot', 'breakout']
2026-03-05 14:00:02.226 | ERROR    | app.services.market_data:get_candles:82 - get_candles(BTC/USDT, 1h): Input start_time is missing
2026-03-05 14:00:02.226 | WARNING  | app.strategies.base:log:141 - [ma_crossover] Not enough candles
2026-03-05 14:00:02.328 | ERROR    | app.services.market_data:get_candles:82 - get_candles(BTC/USDT, 1h): Input start_time is missing
2026-03-05 14:00:02.329 | WARNING  | app.strategies.base:log:141 - [rsi_strategy] Not enough candles
2026-03-05 14:00:02.438 | ERROR    | app.services.market_data:get_ticker:33 - get_ticker(BTC/USDT): Not Found
2026-03-05 14:00:02.537 | ERROR    | app.services.market_data:get_candles:82 - get_candles(BTC/USDT, 1h): Input start_time is missing
2026-03-05 14:00:02.636 | ERROR    | app.services.market_data:get_ticker:33 - get_ticker(BTC/USDT): Not Found
2026-03-05 14:00:02.636 | INFO     | app.strategies.base:log:141 - [dca_bot] DCA buy #1/10 @ 0.0000
2026-03-05 14:00:02.722 | ERROR    | app.services.market_data:get_ticker:33 - get_ticker(BTC/USDT): Not Found
2026-03-05 14:00:03.235 | INFO     | app.trading.spot:place_spot_order:85 - [SIMULATION] Spot order placed: BTC/USDT BUY 0.001 @ None
2026-03-05 14:00:03.574 | ERROR    | app.services.market_data:get_candles:82 - get_candles(BTC/USDT, 1h): Input start_time is missing
2026-03-05 14:00:23.168 | ERROR    | app.services.market_data:get_candles:82 - get_candles(BTC/INR, 5m): Input start_time is missing
2026-03-05 14:00:23.185 | ERROR    | app.services.market_data:get_ticker:33 - get_ticker(BTC/INR): Not Found
2026-03-05 14:00:31.990 | INFO     | app.strategies.engine:load_strategies:63 - Loaded 5 strategies: ['ma_crossover', 'rsi_strategy', 'grid_trading', 'dca_bot', 'breakout']
2026-03-05 14:00:32.192 | ERROR    | app.services.market_data:get_candles:82 - get_candles(BTC/USDT, 1h): Input start_time is missing
2026-03-05 14:00:32.192 | WARNING  | app.strategies.base:log:141 - [ma_crossover] Not enough candles
2026-03-05 14:00:32.306 | ERROR    | app.services.market_data:get_candles:82 - get_candles(BTC/USDT, 1h): Input start_time is missing
2026-03-05 14:00:32.311 | WARNING  | app.strategies.base:log:141 - [rsi_strategy] Not enough candles
2026-03-05 14:00:32.409 | ERROR    | app.services.market_data:get_ticker:33 - get_ticker(BTC/USDT): Not Found
2026-03-05 14:00:32.541 | ERROR    | app.services.market_data:get_candles:82 - get_candles(BTC/USDT, 1h): Input start_time is missing
2026-03-05 14:00:32.642 | ERROR    | app.services.market_data:get_ticker:33 - get_ticker(BTC/USDT): Not Found
2026-03-05 14:00:32.642 | INFO     | app.strategies.base:log:141 - [dca_bot] DCA buy #1/10 @ 0.0000
2026-03-05 14:00:32.758 | ERROR    | app.services.market_data:get_ticker:33 - get_ticker(BTC/USDT): Not Found
2026-03-05 14:00:32.889 | INFO     | app.trading.spot:place_spot_order:85 - [SIMULATION] Spot order placed: BTC/USDT BUY 0.001 @ None
2026-03-05 14:00:33.258 | ERROR    | app.services.market_data:get_candles:82 - get_candles(BTC/USDT, 1h): Input start_time is missing
2026-03-05 14:01:02.062 | INFO     | app.strategies.engine:load_strategies:63 - Loaded 5 strategies: ['ma_crossover', 'rsi_strategy', 'grid_trading', 'dca_bot', 'breakout']
2026-03-05 14:01:02.376 | ERROR    | app.services.market_data:get_candles:82 - get_candles(BTC/USDT, 1h): Input start_time is missing
2026-03-05 14:01:02.379 | WARNING  | app.strategies.base:log:141 - [ma_crossover] Not enough candles
2026-03-05 14:01:02.479 | ERROR    | app.services.market_data:get_candles:82 - get_candles(BTC/USDT, 1h): Input start_time is missing
2026-03-05 14:01:02.479 | WARNING  | app.strategies.base:log:141 - [rsi_strategy] Not enough candles
2026-03-05 14:01:02.580 | ERROR    | app.services.market_data:get_ticker:33 - get_ticker(BTC/USDT): Not Found
2026-03-05 14:01:02.679 | ERROR    | app.services.market_data:get_candles:82 - get_candles(BTC/USDT, 1h): Input start_time is missing
2026-03-05 14:01:02.795 | ERROR    | app.services.market_data:get_ticker:33 - get_ticker(BTC/USDT): Not Found
2026-03-05 14:01:02.809 | INFO     | app.strategies.base:log:141 - [dca_bot] DCA buy #1/10 @ 0.0000
2026-03-05 14:01:02.902 | ERROR    | app.services.market_data:get_ticker:33 - get_ticker(BTC/USDT): Not Found
2026-03-05 14:01:03.451 | INFO     | app.trading.spot:place_spot_order:85 - [SIMULATION] Spot order placed: BTC/USDT BUY 0.001 @ None
2026-03-05 14:01:03.800 | ERROR    | app.services.market_data:get_candles:82 - get_candles(BTC/USDT, 1h): Input start_time is missing
2026-03-05 14:01:23.136 | ERROR    | app.services.market_data:get_ticker:33 - get_ticker(BTC/INR): Not Found
2026-03-05 14:01:23.160 | ERROR    | app.services.market_data:get_candles:82 - get_candles(BTC/INR, 5m): Input start_time is missing
2026-03-05 14:01:31.994 | INFO     | app.strategies.engine:load_strategies:63 - Loaded 5 strategies: ['ma_crossover', 'rsi_strategy', 'grid_trading', 'dca_bot', 'breakout']
2026-03-05 14:01:32.231 | ERROR    | app.services.market_data:get_candles:82 - get_candles(BTC/USDT, 1h): Input start_time is missing
2026-03-05 14:01:32.233 | WARNING  | app.strategies.base:log:141 - [ma_crossover] Not enough candles
2026-03-05 14:01:32.349 | ERROR    | app.services.market_data:get_candles:82 - get_candles(BTC/USDT, 1h): Input start_time is missing
2026-03-05 14:01:32.349 | WARNING  | app.strategies.base:log:141 - [rsi_strategy] Not enough candles
2026-03-05 14:01:32.449 | ERROR    | app.services.market_data:get_ticker:33 - get_ticker(BTC/USDT): Not Found
2026-03-05 14:01:32.575 | ERROR    | app.services.market_data:get_candles:82 - get_candles(BTC/USDT, 1h): Input start_time is missing
2026-03-05 14:01:32.684 | ERROR    | app.services.market_data:get_ticker:33 - get_ticker(BTC/USDT): Not Found
2026-03-05 14:01:32.687 | INFO     | app.strategies.base:log:141 - [dca_bot] DCA buy #1/10 @ 0.0000
2026-03-05 14:01:32.783 | ERROR    | app.services.market_data:get_ticker:33 - get_ticker(BTC/USDT): Not Found
2026-03-05 14:01:33.009 | INFO     | app.trading.spot:place_spot_order:85 - [SIMULATION] Spot order placed: BTC/USDT BUY 0.001 @ None
2026-03-05 14:01:33.419 | ERROR    | app.services.market_data:get_candles:82 - get_candles(BTC/USDT, 1h): Input start_time is missing
2026-03-05 14:02:01.997 | INFO     | app.strategies.engine:load_strategies:63 - Loaded 5 strategies: ['ma_crossover', 'rsi_strategy', 'grid_trading', 'dca_bot', 'breakout']
2026-03-05 14:02:02.404 | ERROR    | app.services.market_data:get_candles:82 - get_candles(BTC/USDT, 1h): Input start_time is missing
2026-03-05 14:02:02.404 | WARNING  | app.strategies.base:log:141 - [ma_crossover] Not enough candles
2026-03-05 14:02:02.537 | ERROR    | app.services.market_data:get_candles:82 - get_candles(BTC/USDT, 1h): Input start_time is missing
2026-03-05 14:02:02.554 | WARNING  | app.strategies.base:log:141 - [rsi_strategy] Not enough candles
2026-03-05 14:02:02.704 | ERROR    | app.services.market_data:get_ticker:33 - get_ticker(BTC/USDT): Not Found
2026-03-05 14:02:02.837 | ERROR    | app.services.market_data:get_candles:82 - get_candles(BTC/USDT, 1h): Input start_time is missing
2026-03-05 14:02:02.995 | ERROR    | app.services.market_data:get_ticker:33 - get_ticker(BTC/USDT): Not Found
2026-03-05 14:02:02.997 | INFO     | app.strategies.base:log:141 - [dca_bot] DCA buy #1/10 @ 0.0000
2026-03-05 14:02:03.120 | ERROR    | app.services.market_data:get_ticker:33 - get_ticker(BTC/USDT): Not Found
2026-03-05 14:02:03.337 | INFO     | app.trading.spot:place_spot_order:85 - [SIMULATION] Spot order placed: BTC/USDT BUY 0.001 @ None
2026-03-05 14:02:03.719 | ERROR    | app.services.market_data:get_candles:82 - get_candles(BTC/USDT, 1h): Input start_time is missing
2026-03-05 14:02:23.199 | ERROR    | app.services.market_data:get_ticker:33 - get_ticker(BTC/INR): Not Found
2026-03-05 14:02:23.216 | ERROR    | app.services.market_data:get_candles:82 - get_candles(BTC/INR, 5m): Input start_time is missing
2026-03-05 14:02:31.995 | INFO     | app.strategies.engine:load_strategies:63 - Loaded 5 strategies: ['ma_crossover', 'rsi_strategy', 'grid_trading', 'dca_bot', 'breakout']
2026-03-05 14:02:32.344 | ERROR    | app.services.market_data:get_candles:82 - get_candles(BTC/USDT, 1h): Input start_time is missing
2026-03-05 14:02:32.344 | WARNING  | app.strategies.base:log:141 - [ma_crossover] Not enough candles
2026-03-05 14:02:32.491 | ERROR    | app.services.market_data:get_candles:82 - get_candles(BTC/USDT, 1h): Input start_time is missing
2026-03-05 14:02:32.492 | WARNING  | app.strategies.base:log:141 - [rsi_strategy] Not enough candles
2026-03-05 14:02:32.631 | ERROR    | app.services.market_data:get_ticker:33 - get_ticker(BTC/USDT): Not Found
2026-03-05 14:02:32.758 | ERROR    | app.services.market_data:get_candles:82 - get_candles(BTC/USDT, 1h): Input start_time is missing
2026-03-05 14:02:32.902 | ERROR    | app.services.market_data:get_ticker:33 - get_ticker(BTC/USDT): Not Found
2026-03-05 14:02:32.902 | INFO     | app.strategies.base:log:141 - [dca_bot] DCA buy #1/10 @ 0.0000
2026-03-05 14:02:33.046 | ERROR    | app.services.market_data:get_ticker:33 - get_ticker(BTC/USDT): Not Found
2026-03-05 14:02:33.267 | INFO     | app.trading.spot:place_spot_order:85 - [SIMULATION] Spot order placed: BTC/USDT BUY 0.001 @ None
2026-03-05 14:02:33.666 | ERROR    | app.services.market_data:get_candles:82 - get_candles(BTC/USDT, 1h): Input start_time is missing
2026-03-05 14:02:56.431 | INFO     | main:lifespan:81 - Shutting down...
2026-03-05 14:02:56.431 | INFO     | app.services.scheduler:stop_scheduler:39 - Scheduler stopped
2026-03-05 15:44:46.225 | INFO     | main:lifespan:56 - Starting CoinSwitch Trader
2026-03-05 15:44:46.290 | INFO     | main:lifespan:60 - Database initialized
2026-03-05 15:44:46.381 | INFO     | app.strategies.engine:seed_default_configs:122 - Seeded default strategy configs
2026-03-05 15:44:46.381 | WARNING  | main:lifespan:71 - No API key configured - WebSocket not started. Add credentials in Settings.
2026-03-05 15:44:46.426 | INFO     | app.services.scheduler:setup_scheduler:26 - Scheduler configured: strategies run every 30s
2026-03-05 15:44:46.428 | INFO     | app.services.scheduler:start_scheduler:33 - Scheduler started
2026-03-05 15:44:46.428 | INFO     | main:lifespan:76 - App running. Simulation mode: True
2026-03-05 15:44:53.760 | ERROR    | app.services.market_data:get_candles:82 - get_candles(BTC/INR, 5m): Input start_time is missing
2026-03-05 15:44:53.787 | ERROR    | app.services.market_data:get_ticker:33 - get_ticker(BTC/INR): Not Found
2026-03-05 15:44:57.963 | ERROR    | app.services.market_data:get_candles:82 - get_candles(BTC/INR, 5m): Input start_time is missing
2026-03-05 15:44:57.997 | ERROR    | app.services.market_data:get_ticker:33 - get_ticker(BTC/INR): Not Found
2026-03-05 15:45:02.997 | ERROR    | app.services.market_data:get_candles:82 - get_candles(BTC/INR, 5m): Input start_time is missing
2026-03-05 15:45:03.024 | ERROR    | app.services.market_data:get_ticker:33 - get_ticker(BTC/INR): Not Found
2026-03-05 15:45:08.001 | ERROR    | app.services.market_data:get_ticker:33 - get_ticker(BTC/INR): Not Found
2026-03-05 15:45:08.024 | ERROR    | app.services.market_data:get_candles:82 - get_candles(BTC/INR, 5m): Input start_time is missing
2026-03-05 15:45:13.031 | ERROR    | app.services.market_data:get_candles:82 - get_candles(BTC/INR, 5m): Input start_time is missing
2026-03-05 15:45:13.034 | ERROR    | app.services.market_data:get_ticker:33 - get_ticker(BTC/INR): Not Found
2026-03-05 15:45:16.444 | INFO     | app.strategies.engine:load_strategies:63 - Loaded 5 strategies: ['ma_crossover', 'rsi_strategy', 'grid_trading', 'dca_bot', 'breakout']
2026-03-05 15:45:16.635 | ERROR    | app.services.market_data:get_candles:82 - get_candles(BTC/USDT, 1h): Input start_time is missing
2026-03-05 15:45:16.638 | WARNING  | app.strategies.base:log:141 - [ma_crossover] Not enough candles
2026-03-05 15:45:16.813 | ERROR    | app.services.market_data:get_candles:82 - get_candles(BTC/USDT, 1h): Input start_time is missing
2026-03-05 15:45:16.818 | WARNING  | app.strategies.base:log:141 - [rsi_strategy] Not enough candles
2026-03-05 15:45:16.964 | ERROR    | app.services.market_data:get_ticker:33 - get_ticker(BTC/USDT): Not Found
2026-03-05 15:45:17.116 | ERROR    | app.services.market_data:get_candles:82 - get_candles(BTC/USDT, 1h): Input start_time is missing
2026-03-05 15:45:17.275 | ERROR    | app.services.market_data:get_ticker:33 - get_ticker(BTC/USDT): Not Found
2026-03-05 15:45:17.276 | INFO     | app.strategies.base:log:141 - [dca_bot] DCA buy #1/10 @ 0.0000
2026-03-05 15:45:17.409 | ERROR    | app.services.market_data:get_ticker:33 - get_ticker(BTC/USDT): Not Found
2026-03-05 15:45:17.427 | ERROR    | app.strategies.engine:run_all:81 - Strategy dca_bot error: 'SpotTradingService' object has no attribute 'place_spot_order'
2026-03-05 15:45:17.720 | ERROR    | app.services.market_data:get_candles:82 - get_candles(BTC/USDT, 1h): Input start_time is missing
2026-03-05 15:45:20.430 | WARNING  | app.risk.manager:stop_trading:86 - TRADING STOPPED: Manual stop via API
2026-03-05 15:45:30.086 | ERROR    | app.services.market_data:get_ticker:33 - get_ticker(BTC/INR): Not Found
2026-03-05 15:45:30.136 | ERROR    | app.services.market_data:get_candles:82 - get_candles(BTC/INR, 5m): Input start_time is missing
2026-03-05 15:45:33.595 | INFO     | app.risk.manager:resume_trading:91 - Trading resumed
2026-03-05 15:45:39.709 | ERROR    | app.services.market_data:get_candles:82 - get_candles(BTC/INR, 1h): Input start_time is missing
2026-03-05 15:45:46.432 | INFO     | app.strategies.engine:load_strategies:63 - Loaded 5 strategies: ['ma_crossover', 'rsi_strategy', 'grid_trading', 'dca_bot', 'breakout']
2026-03-05 15:45:46.772 | ERROR    | app.services.market_data:get_candles:82 - get_candles(BTC/USDT, 1h): Input start_time is missing
2026-03-05 15:45:46.780 | WARNING  | app.strategies.base:log:141 - [ma_crossover] Not enough candles
2026-03-05 15:45:46.930 | ERROR    | app.services.market_data:get_candles:82 - get_candles(BTC/USDT, 1h): Input start_time is missing
2026-03-05 15:45:46.932 | WARNING  | app.strategies.base:log:141 - [rsi_strategy] Not enough candles
2026-03-05 15:45:47.103 | ERROR    | app.services.market_data:get_ticker:33 - get_ticker(BTC/USDT): Not Found
2026-03-05 15:45:47.262 | ERROR    | app.services.market_data:get_candles:82 - get_candles(BTC/USDT, 1h): Input start_time is missing
2026-03-05 15:45:47.414 | ERROR    | app.services.market_data:get_ticker:33 - get_ticker(BTC/USDT): Not Found
2026-03-05 15:45:47.416 | INFO     | app.strategies.base:log:141 - [dca_bot] DCA buy #1/10 @ 0.0000
2026-03-05 15:45:47.567 | ERROR    | app.services.market_data:get_ticker:33 - get_ticker(BTC/USDT): Not Found
2026-03-05 15:45:47.574 | ERROR    | app.strategies.engine:run_all:81 - Strategy dca_bot error: 'SpotTradingService' object has no attribute 'place_spot_order'
2026-03-05 15:45:47.866 | ERROR    | app.services.market_data:get_candles:82 - get_candles(BTC/USDT, 1h): Input start_time is missing
2026-03-05 15:53:36.831 | INFO     | main:lifespan:56 - Starting CoinSwitch Trader
2026-03-05 15:53:36.989 | INFO     | main:lifespan:60 - Database initialized
2026-03-05 15:53:37.135 | INFO     | app.strategies.engine:seed_default_configs:122 - Seeded default strategy configs
2026-03-05 15:53:37.137 | WARNING  | main:lifespan:71 - No API key configured - WebSocket not started. Add credentials in Settings.
2026-03-05 15:53:37.145 | INFO     | app.services.scheduler:setup_scheduler:26 - Scheduler configured: strategies run every 30s
2026-03-05 15:53:37.152 | INFO     | app.services.scheduler:start_scheduler:33 - Scheduler started
2026-03-05 15:53:37.153 | INFO     | main:lifespan:76 - App running. Simulation mode: True
2026-03-05 15:53:41.687 | ERROR    | app.trading.spot:get_ticker:731 - get_ticker(BTC/INR, coinswitchx): API key and Ed25519 secret key are required. Add them in the Settings page or set COINSWITCH_API_KEY / COINSWITCH_API_SECRET in .env
2026-03-05 15:53:41.703 | ERROR    | app.trading.spot:get_candles:670 - get_candles(coinswitchx, BTC/INR): API key and Ed25519 secret key are required. Add them in the Settings page or set COINSWITCH_API_KEY / COINSWITCH_API_SECRET in .env
2026-03-05 15:53:42.436 | ERROR    | app.trading.spot:get_ticker:731 - get_ticker(BTC/INR, coinswitchx): API key and Ed25519 secret key are required. Add them in the Settings page or set COINSWITCH_API_KEY / COINSWITCH_API_SECRET in .env
2026-03-05 15:53:42.474 | ERROR    | app.trading.spot:get_candles:670 - get_candles(coinswitchx, BTC/INR): API key and Ed25519 secret key are required. Add them in the Settings page or set COINSWITCH_API_KEY / COINSWITCH_API_SECRET in .env
2026-03-05 15:53:49.670 | ERROR    | app.trading.spot:get_ticker:731 - get_ticker(BTC/INR, coinswitchx): API key and Ed25519 secret key are required. Add them in the Settings page or set COINSWITCH_API_KEY / COINSWITCH_API_SECRET in .env
2026-03-05 15:53:49.733 | ERROR    | app.trading.spot:get_candles:670 - get_candles(coinswitchx, BTC/INR): API key and Ed25519 secret key are required. Add them in the Settings page or set COINSWITCH_API_KEY / COINSWITCH_API_SECRET in .env
2026-03-05 15:53:54.679 | ERROR    | app.trading.spot:get_ticker:731 - get_ticker(BTC/INR, coinswitchx): API key and Ed25519 secret key are required. Add them in the Settings page or set COINSWITCH_API_KEY / COINSWITCH_API_SECRET in .env
2026-03-05 15:53:54.693 | ERROR    | app.trading.spot:get_candles:670 - get_candles(coinswitchx, BTC/INR): API key and Ed25519 secret key are required. Add them in the Settings page or set COINSWITCH_API_KEY / COINSWITCH_API_SECRET in .env
2026-03-05 15:54:00.164 | ERROR    | app.trading.spot:get_ticker:731 - get_ticker(BTC/INR, coinswitchx): API key and Ed25519 secret key are required. Add them in the Settings page or set COINSWITCH_API_KEY / COINSWITCH_API_SECRET in .env
2026-03-05 15:54:00.193 | ERROR    | app.trading.spot:get_candles:670 - get_candles(coinswitchx, BTC/INR): API key and Ed25519 secret key are required. Add them in the Settings page or set COINSWITCH_API_KEY / COINSWITCH_API_SECRET in .env
2026-03-05 15:54:05.040 | ERROR    | app.trading.spot:get_ticker:731 - get_ticker(BTC/INR, coinswitchx): API key and Ed25519 secret key are required. Add them in the Settings page or set COINSWITCH_API_KEY / COINSWITCH_API_SECRET in .env
2026-03-05 15:54:05.120 | ERROR    | app.trading.spot:get_candles:670 - get_candles(coinswitchx, BTC/INR): API key and Ed25519 secret key are required. Add them in the Settings page or set COINSWITCH_API_KEY / COINSWITCH_API_SECRET in .env
2026-03-05 15:54:07.168 | WARNING  | app.strategies.base:__init__:58 - [ma_crossover] Symbol 'BTC/USDT' is inconsistent with exchange 'coinswitchx'. Using 'BTC/INR' instead.
2026-03-05 15:54:07.168 | WARNING  | app.strategies.base:__init__:58 - [rsi_strategy] Symbol 'BTC/USDT' is inconsistent with exchange 'coinswitchx'. Using 'BTC/INR' instead.
2026-03-05 15:54:07.168 | WARNING  | app.strategies.base:__init__:58 - [grid_trading] Symbol 'BTC/USDT' is inconsistent with exchange 'coinswitchx'. Using 'BTC/INR' instead.
2026-03-05 15:54:07.170 | WARNING  | app.strategies.base:__init__:58 - [dca_bot] Symbol 'BTC/USDT' is inconsistent with exchange 'coinswitchx'. Using 'BTC/INR' instead.
2026-03-05 15:54:07.170 | WARNING  | app.strategies.base:__init__:58 - [breakout] Symbol 'BTC/USDT' is inconsistent with exchange 'coinswitchx'. Using 'BTC/INR' instead.
2026-03-05 15:54:07.170 | INFO     | app.strategies.engine:load_strategies:63 - Loaded 5 strategies: ['ma_crossover', 'rsi_strategy', 'grid_trading', 'dca_bot', 'breakout']
2026-03-05 15:54:07.172 | ERROR    | app.trading.spot:get_candles:670 - get_candles(coinswitchx, BTC/INR): API key and Ed25519 secret key are required. Add them in the Settings page or set COINSWITCH_API_KEY / COINSWITCH_API_SECRET in .env
2026-03-05 15:54:07.174 | WARNING  | app.strategies.base:log:210 - [ma_crossover] Not enough candles
2026-03-05 15:54:07.174 | ERROR    | app.trading.spot:get_candles:670 - get_candles(coinswitchx, BTC/INR): API key and Ed25519 secret key are required. Add them in the Settings page or set COINSWITCH_API_KEY / COINSWITCH_API_SECRET in .env
2026-03-05 15:54:07.175 | WARNING  | app.strategies.base:log:210 - [rsi_strategy] Not enough candles
2026-03-05 15:54:07.176 | ERROR    | app.trading.spot:get_ticker:731 - get_ticker(BTC/INR, coinswitchx): API key and Ed25519 secret key are required. Add them in the Settings page or set COINSWITCH_API_KEY / COINSWITCH_API_SECRET in .env
2026-03-05 15:54:07.176 | ERROR    | app.trading.spot:get_candles:670 - get_candles(coinswitchx, BTC/INR): API key and Ed25519 secret key are required. Add them in the Settings page or set COINSWITCH_API_KEY / COINSWITCH_API_SECRET in .env
2026-03-05 15:54:07.178 | ERROR    | app.trading.spot:get_ticker:731 - get_ticker(BTC/INR, coinswitchx): API key and Ed25519 secret key are required. Add them in the Settings page or set COINSWITCH_API_KEY / COINSWITCH_API_SECRET in .env
2026-03-05 15:54:07.178 | INFO     | app.strategies.base:log:210 - [dca_bot] DCA buy #1/10 @ 0.0000
2026-03-05 15:54:07.179 | ERROR    | app.trading.spot:get_ticker:731 - get_ticker(BTC/INR, coinswitchx): API key and Ed25519 secret key are required. Add them in the Settings page or set COINSWITCH_API_KEY / COINSWITCH_API_SECRET in .env
2026-03-05 15:54:07.179 | WARNING  | app.strategies.base:buy:146 - [dca_bot] buy() skipped: price is 0
2026-03-05 15:54:07.179 | ERROR    | app.trading.spot:get_candles:670 - get_candles(coinswitchx, BTC/INR): API key and Ed25519 secret key are required. Add them in the Settings page or set COINSWITCH_API_KEY / COINSWITCH_API_SECRET in .env
2026-03-05 15:54:17.472 | ERROR    | app.trading.spot:get_ticker:731 - get_ticker(BTC/INR, coinswitchx): API key and Ed25519 secret key are required. Add them in the Settings page or set COINSWITCH_API_KEY / COINSWITCH_API_SECRET in .env
2026-03-05 15:54:17.485 | ERROR    | app.trading.spot:get_candles:670 - get_candles(coinswitchx, BTC/INR): API key and Ed25519 secret key are required. Add them in the Settings page or set COINSWITCH_API_KEY / COINSWITCH_API_SECRET in .env
2026-03-05 15:54:19.870 | ERROR    | app.trading.spot:get_ticker:731 - get_ticker(BTC/INR, coinswitchx): API key and Ed25519 secret key are required. Add them in the Settings page or set COINSWITCH_API_KEY / COINSWITCH_API_SECRET in .env
2026-03-05 15:54:19.929 | ERROR    | app.trading.spot:get_candles:670 - get_candles(coinswitchx, BTC/INR): API key and Ed25519 secret key are required. Add them in the Settings page or set COINSWITCH_API_KEY / COINSWITCH_API_SECRET in .env
2026-03-05 15:54:23.356 | INFO     | main:lifespan:81 - Shutting down...
2026-03-05 15:54:23.356 | INFO     | app.services.scheduler:stop_scheduler:39 - Scheduler stopped
2026-03-05 15:54:32.378 | INFO     | main:lifespan:56 - Starting CoinSwitch Trader
2026-03-05 15:54:32.398 | INFO     | main:lifespan:60 - Database initialized
2026-03-05 15:54:32.463 | INFO     | app.strategies.engine:seed_default_configs:122 - Seeded default strategy configs
2026-03-05 15:54:32.464 | WARNING  | main:lifespan:71 - No API key configured - WebSocket not started. Add credentials in Settings.
2026-03-05 15:54:32.468 | INFO     | app.services.scheduler:setup_scheduler:26 - Scheduler configured: strategies run every 30s
2026-03-05 15:54:32.470 | INFO     | app.services.scheduler:start_scheduler:33 - Scheduler started
2026-03-05 15:54:32.471 | INFO     | main:lifespan:76 - App running. Simulation mode: True
2026-03-05 15:54:32.738 | ERROR    | app.trading.spot:get_candles:670 - get_candles(coinswitchx, BTC/INR): API key and Ed25519 secret key are required. Add them in the Settings page or set COINSWITCH_API_KEY / COINSWITCH_API_SECRET in .env
2026-03-05 15:54:34.855 | ERROR    | app.trading.spot:get_ticker:731 - get_ticker(BTC/INR, coinswitchx): API key and Ed25519 secret key are required. Add them in the Settings page or set COINSWITCH_API_KEY / COINSWITCH_API_SECRET in .env
2026-03-05 15:54:34.882 | ERROR    | app.trading.spot:get_candles:670 - get_candles(coinswitchx, BTC/INR): API key and Ed25519 secret key are required. Add them in the Settings page or set COINSWITCH_API_KEY / COINSWITCH_API_SECRET in .env
2026-03-05 15:54:39.846 | ERROR    | app.trading.spot:get_ticker:731 - get_ticker(BTC/INR, coinswitchx): API key and Ed25519 secret key are required. Add them in the Settings page or set COINSWITCH_API_KEY / COINSWITCH_API_SECRET in .env
2026-03-05 15:54:39.859 | ERROR    | app.trading.spot:get_candles:670 - get_candles(coinswitchx, BTC/INR): API key and Ed25519 secret key are required. Add them in the Settings page or set COINSWITCH_API_KEY / COINSWITCH_API_SECRET in .env
2026-03-05 15:54:44.857 | ERROR    | app.trading.spot:get_ticker:731 - get_ticker(BTC/INR, coinswitchx): API key and Ed25519 secret key are required. Add them in the Settings page or set COINSWITCH_API_KEY / COINSWITCH_API_SECRET in .env
2026-03-05 15:54:44.879 | ERROR    | app.trading.spot:get_candles:670 - get_candles(coinswitchx, BTC/INR): API key and Ed25519 secret key are required. Add them in the Settings page or set COINSWITCH_API_KEY / COINSWITCH_API_SECRET in .env
2026-03-05 15:54:49.839 | ERROR    | app.trading.spot:get_ticker:731 - get_ticker(BTC/INR, coinswitchx): API key and Ed25519 secret key are required. Add them in the Settings page or set COINSWITCH_API_KEY / COINSWITCH_API_SECRET in .env
2026-03-05 15:54:49.973 | ERROR    | app.trading.spot:get_candles:670 - get_candles(coinswitchx, BTC/INR): API key and Ed25519 secret key are required. Add them in the Settings page or set COINSWITCH_API_KEY / COINSWITCH_API_SECRET in .env
2026-03-05 15:54:52.978 | INFO     | main:lifespan:81 - Shutting down...
2026-03-05 15:54:52.979 | INFO     | app.services.scheduler:stop_scheduler:39 - Scheduler stopped
2026-03-05 15:55:20.975 | INFO     | main:lifespan:56 - Starting CoinSwitch Trader
2026-03-05 15:55:20.990 | INFO     | main:lifespan:60 - Database initialized
2026-03-05 15:55:21.050 | INFO     | app.strategies.engine:seed_default_configs:122 - Seeded default strategy configs
2026-03-05 15:55:21.050 | WARNING  | main:lifespan:71 - No API key configured - WebSocket not started. Add credentials in Settings.
2026-03-05 15:55:21.068 | INFO     | app.services.scheduler:setup_scheduler:26 - Scheduler configured: strategies run every 30s
2026-03-05 15:55:21.071 | INFO     | app.services.scheduler:start_scheduler:33 - Scheduler started
2026-03-05 15:55:21.072 | INFO     | main:lifespan:76 - App running. Simulation mode: True
2026-03-05 15:55:21.430 | ERROR    | app.trading.spot:get_ticker:731 - get_ticker(BTC/INR, coinswitchx): API key and Ed25519 secret key are required. Add them in the Settings page or set COINSWITCH_API_KEY / COINSWITCH_API_SECRET in .env
2026-03-05 15:55:21.445 | ERROR    | app.trading.spot:get_candles:670 - get_candles(coinswitchx, BTC/INR): API key and Ed25519 secret key are required. Add them in the Settings page or set COINSWITCH_API_KEY / COINSWITCH_API_SECRET in .env
2026-03-05 15:55:24.689 | ERROR    | app.trading.spot:get_ticker:731 - get_ticker(BTC/INR, coinswitchx): API key and Ed25519 secret key are required. Add them in the Settings page or set COINSWITCH_API_KEY / COINSWITCH_API_SECRET in .env
2026-03-05 15:55:24.720 | ERROR    | app.trading.spot:get_candles:670 - get_candles(coinswitchx, BTC/INR): API key and Ed25519 secret key are required. Add them in the Settings page or set COINSWITCH_API_KEY / COINSWITCH_API_SECRET in .env
2026-03-05 15:55:51.078 | WARNING  | app.strategies.base:__init__:58 - [ma_crossover] Symbol 'BTC/USDT' is inconsistent with exchange 'coinswitchx'. Using 'BTC/INR' instead.
2026-03-05 15:55:51.079 | WARNING  | app.strategies.base:__init__:58 - [rsi_strategy] Symbol 'BTC/USDT' is inconsistent with exchange 'coinswitchx'. Using 'BTC/INR' instead.
2026-03-05 15:55:51.080 | WARNING  | app.strategies.base:__init__:58 - [grid_trading] Symbol 'BTC/USDT' is inconsistent with exchange 'coinswitchx'. Using 'BTC/INR' instead.
2026-03-05 15:55:51.081 | WARNING  | app.strategies.base:__init__:58 - [dca_bot] Symbol 'BTC/USDT' is inconsistent with exchange 'coinswitchx'. Using 'BTC/INR' instead.
2026-03-05 15:55:51.082 | WARNING  | app.strategies.base:__init__:58 - [breakout] Symbol 'BTC/USDT' is inconsistent with exchange 'coinswitchx'. Using 'BTC/INR' instead.
2026-03-05 15:55:51.083 | INFO     | app.strategies.engine:load_strategies:63 - Loaded 5 strategies: ['ma_crossover', 'rsi_strategy', 'grid_trading', 'dca_bot', 'breakout']
2026-03-05 15:55:51.083 | ERROR    | app.trading.spot:get_candles:670 - get_candles(coinswitchx, BTC/INR): API key and Ed25519 secret key are required. Add them in the Settings page or set COINSWITCH_API_KEY / COINSWITCH_API_SECRET in .env
2026-03-05 15:55:51.087 | WARNING  | app.strategies.base:log:210 - [ma_crossover] Not enough candles
2026-03-05 15:55:51.088 | ERROR    | app.trading.spot:get_candles:670 - get_candles(coinswitchx, BTC/INR): API key and Ed25519 secret key are required. Add them in the Settings page or set COINSWITCH_API_KEY / COINSWITCH_API_SECRET in .env
2026-03-05 15:55:51.090 | WARNING  | app.strategies.base:log:210 - [rsi_strategy] Not enough candles
2026-03-05 15:55:51.091 | ERROR    | app.trading.spot:get_ticker:731 - get_ticker(BTC/INR, coinswitchx): API key and Ed25519 secret key are required. Add them in the Settings page or set COINSWITCH_API_KEY / COINSWITCH_API_SECRET in .env
2026-03-05 15:55:51.092 | ERROR    | app.trading.spot:get_candles:670 - get_candles(coinswitchx, BTC/INR): API key and Ed25519 secret key are required. Add them in the Settings page or set COINSWITCH_API_KEY / COINSWITCH_API_SECRET in .env
2026-03-05 15:55:51.095 | ERROR    | app.trading.spot:get_ticker:731 - get_ticker(BTC/INR, coinswitchx): API key and Ed25519 secret key are required. Add them in the Settings page or set COINSWITCH_API_KEY / COINSWITCH_API_SECRET in .env
2026-03-05 15:55:51.096 | INFO     | app.strategies.base:log:210 - [dca_bot] DCA buy #1/10 @ 0.0000
2026-03-05 15:55:51.097 | ERROR    | app.trading.spot:get_ticker:731 - get_ticker(BTC/INR, coinswitchx): API key and Ed25519 secret key are required. Add them in the Settings page or set COINSWITCH_API_KEY / COINSWITCH_API_SECRET in .env
2026-03-05 15:55:51.098 | WARNING  | app.strategies.base:buy:146 - [dca_bot] buy() skipped: price is 0
2026-03-05 15:55:51.099 | ERROR    | app.trading.spot:get_candles:670 - get_candles(coinswitchx, BTC/INR): API key and Ed25519 secret key are required. Add them in the Settings page or set COINSWITCH_API_KEY / COINSWITCH_API_SECRET in .env
2026-03-05 15:55:56.001 | INFO     | main:lifespan:81 - Shutting down...
2026-03-05 15:55:56.003 | INFO     | app.services.scheduler:stop_scheduler:39 - Scheduler stopped
2026-03-05 15:55:59.816 | INFO     | main:lifespan:56 - Starting CoinSwitch Trader
2026-03-05 15:55:59.838 | INFO     | main:lifespan:60 - Database initialized
2026-03-05 15:55:59.896 | INFO     | app.strategies.engine:seed_default_configs:122 - Seeded default strategy configs
2026-03-05 15:55:59.896 | WARNING  | main:lifespan:71 - No API key configured - WebSocket not started. Add credentials in Settings.
2026-03-05 15:55:59.914 | INFO     | app.services.scheduler:setup_scheduler:26 - Scheduler configured: strategies run every 30s
2026-03-05 15:55:59.917 | INFO     | app.services.scheduler:start_scheduler:33 - Scheduler started
2026-03-05 15:55:59.918 | INFO     | main:lifespan:76 - App running. Simulation mode: True
2026-03-05 15:56:11.341 | ERROR    | app.trading.spot:get_ticker:731 - get_ticker(BTC/INR, coinswitchx): API key and Ed25519 secret key are required. Add them in the Settings page or set COINSWITCH_API_KEY / COINSWITCH_API_SECRET in .env
2026-03-05 15:56:11.348 | ERROR    | app.trading.spot:get_candles:670 - get_candles(coinswitchx, BTC/INR): API key and Ed25519 secret key are required. Add them in the Settings page or set COINSWITCH_API_KEY / COINSWITCH_API_SECRET in .env
2026-03-05 15:56:17.170 | ERROR    | app.trading.spot:get_ticker:731 - get_ticker(BTC/INR, coinswitchx): API key and Ed25519 secret key are required. Add them in the Settings page or set COINSWITCH_API_KEY / COINSWITCH_API_SECRET in .env
2026-03-05 15:56:17.195 | ERROR    | app.trading.spot:get_candles:670 - get_candles(coinswitchx, BTC/INR): API key and Ed25519 secret key are required. Add them in the Settings page or set COINSWITCH_API_KEY / COINSWITCH_API_SECRET in .env
2026-03-05 15:56:21.845 | ERROR    | app.trading.spot:get_ticker:731 - get_ticker(BTC/INR, coinswitchx): API key and Ed25519 secret key are required. Add them in the Settings page or set COINSWITCH_API_KEY / COINSWITCH_API_SECRET in .env
2026-03-05 15:56:21.854 | ERROR    | app.trading.spot:get_candles:670 - get_candles(coinswitchx, BTC/INR): API key and Ed25519 secret key are required. Add them in the Settings page or set COINSWITCH_API_KEY / COINSWITCH_API_SECRET in .env
2026-03-05 15:57:15.751 | INFO     | main:lifespan:56 - Starting CoinSwitch Trader
2026-03-05 15:57:15.773 | INFO     | main:lifespan:60 - Database initialized
2026-03-05 15:57:15.837 | INFO     | app.strategies.engine:seed_default_configs:122 - Seeded default strategy configs
2026-03-05 15:57:15.837 | INFO     | main:lifespan:69 - WebSocket listener started
2026-03-05 15:57:15.853 | INFO     | app.services.scheduler:setup_scheduler:26 - Scheduler configured: strategies run every 30s
2026-03-05 15:57:15.856 | INFO     | app.services.scheduler:start_scheduler:33 - Scheduler started
2026-03-05 15:57:15.856 | INFO     | main:lifespan:76 - App running. Simulation mode: True
2026-03-05 15:57:15.856 | INFO     | app.websocket.listener:start:144 - Starting WebSocket listener for: ['BTC/INR', 'ETH/INR']
2026-03-05 15:57:15.969 | ERROR    | app.websocket.listener:start:152 - WebSocket error: [Errno 11001] getaddrinfo failed. Reconnecting in 1.0s...
2026-03-05 15:57:16.954 | ERROR    | app.websocket.listener:start:152 - WebSocket error: [Errno 11001] getaddrinfo failed. Reconnecting in 2.0s...
2026-03-05 15:57:18.966 | ERROR    | app.websocket.listener:start:152 - WebSocket error: [Errno 11001] getaddrinfo failed. Reconnecting in 4.0s...
2026-03-05 15:57:22.972 | ERROR    | app.websocket.listener:start:152 - WebSocket error: [Errno 11001] getaddrinfo failed. Reconnecting in 8.0s...
2026-03-05 15:57:31.005 | ERROR    | app.websocket.listener:start:152 - WebSocket error: [Errno 11001] getaddrinfo failed. Reconnecting in 16.0s...
2026-03-05 15:57:45.867 | WARNING  | app.strategies.base:__init__:58 - [ma_crossover] Symbol 'BTC/USDT' is inconsistent with exchange 'coinswitchx'. Using 'BTC/INR' instead.
2026-03-05 15:57:45.867 | WARNING  | app.strategies.base:__init__:58 - [rsi_strategy] Symbol 'BTC/USDT' is inconsistent with exchange 'coinswitchx'. Using 'BTC/INR' instead.
2026-03-05 15:57:45.868 | WARNING  | app.strategies.base:__init__:58 - [grid_trading] Symbol 'BTC/USDT' is inconsistent with exchange 'coinswitchx'. Using 'BTC/INR' instead.
2026-03-05 15:57:45.869 | WARNING  | app.strategies.base:__init__:58 - [dca_bot] Symbol 'BTC/USDT' is inconsistent with exchange 'coinswitchx'. Using 'BTC/INR' instead.
2026-03-05 15:57:45.869 | WARNING  | app.strategies.base:__init__:58 - [breakout] Symbol 'BTC/USDT' is inconsistent with exchange 'coinswitchx'. Using 'BTC/INR' instead.
2026-03-05 15:57:45.869 | INFO     | app.strategies.engine:load_strategies:63 - Loaded 5 strategies: ['ma_crossover', 'rsi_strategy', 'grid_trading', 'dca_bot', 'breakout']
2026-03-05 15:57:46.056 | WARNING  | app.strategies.base:log:210 - [ma_crossover] Not enough candles
2026-03-05 15:57:46.225 | WARNING  | app.strategies.base:log:210 - [rsi_strategy] Not enough candles
2026-03-05 15:57:46.367 | INFO     | app.strategies.base:log:210 - [grid_trading] Grid initialized: 11 levels [6095471.40 - 7450020.60]
2026-03-05 15:57:46.624 | INFO     | app.trading.spot:create_order:320 - [SIM] BUY 0.001 BTC/INR @ 6095471.4 on coinswitchx
2026-03-05 15:57:46.740 | INFO     | app.trading.spot:create_order:320 - [SIM] BUY 0.001 BTC/INR @ 6230926.32 on coinswitchx
2026-03-05 15:57:46.928 | INFO     | app.trading.spot:create_order:320 - [SIM] BUY 0.001 BTC/INR @ 6366381.24 on coinswitchx
2026-03-05 15:57:47.032 | ERROR    | app.websocket.listener:start:152 - WebSocket error: [Errno 11001] getaddrinfo failed. Reconnecting in 32.0s...
2026-03-05 15:57:47.108 | INFO     | app.trading.spot:create_order:320 - [SIM] BUY 0.001 BTC/INR @ 6501836.16 on coinswitchx
2026-03-05 15:57:47.228 | INFO     | app.trading.spot:create_order:320 - [SIM] BUY 0.001 BTC/INR @ 6637291.08 on coinswitchx
2026-03-05 15:57:47.359 | INFO     | app.trading.spot:create_order:320 - [SIM] SELL 0.001 BTC/INR @ 6908200.92 on coinswitchx
2026-03-05 15:57:47.498 | INFO     | app.trading.spot:create_order:320 - [SIM] SELL 0.001 BTC/INR @ 7043655.84 on coinswitchx
2026-03-05 15:57:47.618 | INFO     | app.trading.spot:create_order:320 - [SIM] SELL 0.001 BTC/INR @ 7179110.76 on coinswitchx
2026-03-05 15:57:47.769 | INFO     | app.trading.spot:create_order:320 - [SIM] SELL 0.001 BTC/INR @ 7314565.68 on coinswitchx
2026-03-05 15:57:48.265 | INFO     | app.trading.spot:create_order:320 - [SIM] SELL 0.001 BTC/INR @ 7450020.6 on coinswitchx
2026-03-05 15:57:48.265 | INFO     | app.strategies.base:log:210 - [grid_trading] Placed 10 initial grid orders
2026-03-05 15:57:48.589 | INFO     | app.strategies.base:log:210 - [dca_bot] DCA buy #1/10 @ 6772746.0000
2026-03-05 15:57:48.814 | INFO     | app.trading.spot:create_order:320 - [SIM] BUY 0.001 BTC/INR @ 6772746.0 on coinswitchx
2026-03-05 15:58:04.955 | INFO     | main:lifespan:81 - Shutting down...
2026-03-05 15:58:04.956 | INFO     | app.services.scheduler:stop_scheduler:39 - Scheduler stopped
2026-03-05 15:58:04.956 | INFO     | app.websocket.listener:stop:192 - WebSocket listener stopped
2026-03-05 15:58:08.673 | INFO     | main:lifespan:56 - Starting CoinSwitch Trader
2026-03-05 15:58:08.689 | INFO     | main:lifespan:60 - Database initialized
2026-03-05 15:58:08.766 | INFO     | app.strategies.engine:seed_default_configs:122 - Seeded default strategy configs
2026-03-05 15:58:08.767 | INFO     | main:lifespan:69 - WebSocket listener started
2026-03-05 15:58:08.771 | INFO     | app.services.scheduler:setup_scheduler:26 - Scheduler configured: strategies run every 30s
2026-03-05 15:58:08.774 | INFO     | app.services.scheduler:start_scheduler:33 - Scheduler started
2026-03-05 15:58:08.775 | INFO     | main:lifespan:76 - App running. Simulation mode: True
2026-03-05 15:58:08.775 | INFO     | app.websocket.listener:start:144 - Starting WebSocket listener for: ['BTC/INR', 'ETH/INR']
2026-03-05 15:58:08.793 | ERROR    | app.websocket.listener:start:152 - WebSocket error: [Errno 11001] getaddrinfo failed. Reconnecting in 1.0s...
2026-03-05 15:58:09.788 | ERROR    | app.websocket.listener:start:152 - WebSocket error: [Errno 11001] getaddrinfo failed. Reconnecting in 2.0s...
2026-03-05 15:58:11.795 | ERROR    | app.websocket.listener:start:152 - WebSocket error: [Errno 11001] getaddrinfo failed. Reconnecting in 4.0s...
2026-03-05 15:58:15.798 | ERROR    | app.websocket.listener:start:152 - WebSocket error: [Errno 11001] getaddrinfo failed. Reconnecting in 8.0s...
2026-03-05 15:58:20.814 | ERROR    | app.trading.spot:get_candles:670 - get_candles(coinswitchx, BTC/INR): Invalid access
2026-03-05 15:58:20.929 | ERROR    | app.trading.spot:get_ticker:731 - get_ticker(BTC/INR, coinswitchx): Invalid access
2026-03-05 15:58:23.818 | ERROR    | app.websocket.listener:start:152 - WebSocket error: [Errno 11001] getaddrinfo failed. Reconnecting in 16.0s...
2026-03-05 15:58:38.781 | WARNING  | app.strategies.base:__init__:58 - [ma_crossover] Symbol 'BTC/USDT' is inconsistent with exchange 'coinswitchx'. Using 'BTC/INR' instead.
2026-03-05 15:58:38.782 | WARNING  | app.strategies.base:__init__:58 - [rsi_strategy] Symbol 'BTC/USDT' is inconsistent with exchange 'coinswitchx'. Using 'BTC/INR' instead.
2026-03-05 15:58:38.783 | WARNING  | app.strategies.base:__init__:58 - [grid_trading] Symbol 'BTC/USDT' is inconsistent with exchange 'coinswitchx'. Using 'BTC/INR' instead.
2026-03-05 15:58:38.784 | WARNING  | app.strategies.base:__init__:58 - [dca_bot] Symbol 'BTC/USDT' is inconsistent with exchange 'coinswitchx'. Using 'BTC/INR' instead.
2026-03-05 15:58:38.785 | WARNING  | app.strategies.base:__init__:58 - [breakout] Symbol 'BTC/USDT' is inconsistent with exchange 'coinswitchx'. Using 'BTC/INR' instead.
2026-03-05 15:58:38.786 | INFO     | app.strategies.engine:load_strategies:63 - Loaded 5 strategies: ['ma_crossover', 'rsi_strategy', 'grid_trading', 'dca_bot', 'breakout']
2026-03-05 15:58:39.076 | ERROR    | app.trading.spot:get_candles:670 - get_candles(coinswitchx, BTC/INR): Invalid access
2026-03-05 15:58:39.076 | WARNING  | app.strategies.base:log:210 - [ma_crossover] Not enough candles
2026-03-05 15:58:39.202 | ERROR    | app.trading.spot:get_candles:670 - get_candles(coinswitchx, BTC/INR): Invalid access
2026-03-05 15:58:39.206 | WARNING  | app.strategies.base:log:210 - [rsi_strategy] Not enough candles
2026-03-05 15:58:39.345 | ERROR    | app.trading.spot:get_ticker:731 - get_ticker(BTC/INR, coinswitchx): Invalid access
2026-03-05 15:58:39.491 | ERROR    | app.trading.spot:get_candles:670 - get_candles(coinswitchx, BTC/INR): Invalid access
2026-03-05 15:58:39.592 | ERROR    | app.trading.spot:get_ticker:731 - get_ticker(BTC/INR, coinswitchx): Invalid access
2026-03-05 15:58:39.594 | INFO     | app.strategies.base:log:210 - [dca_bot] DCA buy #1/10 @ 0.0000
2026-03-05 15:58:39.694 | ERROR    | app.trading.spot:get_ticker:731 - get_ticker(BTC/INR, coinswitchx): Invalid access
2026-03-05 15:58:39.696 | WARNING  | app.strategies.base:buy:146 - [dca_bot] buy() skipped: price is 0
2026-03-05 15:58:39.842 | ERROR    | app.trading.spot:get_candles:670 - get_candles(coinswitchx, BTC/INR): Invalid access
2026-03-05 15:58:39.844 | ERROR    | app.websocket.listener:start:152 - WebSocket error: [Errno 11001] getaddrinfo failed. Reconnecting in 32.0s...
2026-03-05 15:58:46.731 | INFO     | main:lifespan:81 - Shutting down...
2026-03-05 15:58:46.731 | INFO     | app.services.scheduler:stop_scheduler:39 - Scheduler stopped
2026-03-05 15:58:46.731 | INFO     | app.websocket.listener:stop:192 - WebSocket listener stopped
2026-03-05 15:59:14.817 | INFO     | main:lifespan:56 - Starting CoinSwitch Trader
2026-03-05 15:59:14.841 | INFO     | main:lifespan:60 - Database initialized
2026-03-05 15:59:14.909 | INFO     | app.strategies.engine:seed_default_configs:122 - Seeded default strategy configs
2026-03-05 15:59:14.909 | INFO     | main:lifespan:69 - WebSocket listener started
2026-03-05 15:59:14.909 | INFO     | app.services.scheduler:setup_scheduler:26 - Scheduler configured: strategies run every 30s
2026-03-05 15:59:14.909 | INFO     | app.services.scheduler:start_scheduler:33 - Scheduler started
2026-03-05 15:59:14.909 | INFO     | main:lifespan:76 - App running. Simulation mode: True
2026-03-05 15:59:14.909 | INFO     | app.websocket.listener:start:144 - Starting WebSocket listener for: ['BTC/INR', 'ETH/INR']
2026-03-05 15:59:14.932 | ERROR    | app.websocket.listener:start:152 - WebSocket error: [Errno 11001] getaddrinfo failed. Reconnecting in 1.0s...
2026-03-05 15:59:15.935 | ERROR    | app.websocket.listener:start:152 - WebSocket error: [Errno 11001] getaddrinfo failed. Reconnecting in 2.0s...
2026-03-05 15:59:17.935 | ERROR    | app.websocket.listener:start:152 - WebSocket error: [Errno 11001] getaddrinfo failed. Reconnecting in 4.0s...
2026-03-05 15:59:21.935 | ERROR    | app.websocket.listener:start:152 - WebSocket error: [Errno 11001] getaddrinfo failed. Reconnecting in 8.0s...
2026-03-05 15:59:29.961 | ERROR    | app.websocket.listener:start:152 - WebSocket error: [Errno 11001] getaddrinfo failed. Reconnecting in 16.0s...
2026-03-05 15:59:31.838 | INFO     | main:lifespan:81 - Shutting down...
2026-03-05 15:59:31.840 | INFO     | app.services.scheduler:stop_scheduler:39 - Scheduler stopped
2026-03-05 15:59:31.842 | INFO     | app.websocket.listener:stop:192 - WebSocket listener stopped
2026-03-05 16:01:38.672 | INFO     | main:lifespan:56 - Starting CoinSwitch Trader
2026-03-05 16:01:38.676 | INFO     | main:lifespan:60 - Database initialized
2026-03-05 16:01:38.708 | INFO     | app.strategies.engine:seed_default_configs:122 - Seeded default strategy configs
2026-03-05 16:01:38.708 | INFO     | main:lifespan:69 - WebSocket listener started
2026-03-05 16:01:38.716 | INFO     | app.services.scheduler:setup_scheduler:26 - Scheduler configured: strategies run every 30s
2026-03-05 16:01:38.719 | INFO     | app.services.scheduler:start_scheduler:33 - Scheduler started
2026-03-05 16:01:38.720 | INFO     | main:lifespan:76 - App running. Simulation mode: True
2026-03-05 16:01:38.720 | INFO     | app.websocket.listener:start:144 - Starting WebSocket listener for: ['BTC/INR', 'ETH/INR']
2026-03-05 16:01:38.782 | ERROR    | app.websocket.listener:start:152 - WebSocket error: [Errno 11001] getaddrinfo failed. Reconnecting in 1.0s...
2026-03-05 16:01:39.775 | ERROR    | app.websocket.listener:start:152 - WebSocket error: [Errno 11001] getaddrinfo failed. Reconnecting in 2.0s...
2026-03-05 16:01:41.793 | ERROR    | app.websocket.listener:start:152 - WebSocket error: [Errno 11001] getaddrinfo failed. Reconnecting in 4.0s...
2026-03-05 16:01:45.774 | ERROR    | app.websocket.listener:start:152 - WebSocket error: [Errno 11001] getaddrinfo failed. Reconnecting in 8.0s...
2026-03-05 16:01:50.916 | INFO     | main:lifespan:81 - Shutting down...
2026-03-05 16:01:50.918 | INFO     | app.services.scheduler:stop_scheduler:39 - Scheduler stopped
2026-03-05 16:01:50.920 | INFO     | app.websocket.listener:stop:192 - WebSocket listener stopped
2026-03-05 16:02:14.810 | INFO     | main:lifespan:56 - Starting CoinSwitch Trader
2026-03-05 16:02:14.810 | INFO     | main:lifespan:60 - Database initialized
2026-03-05 16:02:14.890 | INFO     | app.strategies.engine:seed_default_configs:122 - Seeded default strategy configs
2026-03-05 16:02:14.890 | INFO     | main:lifespan:69 - WebSocket listener started
2026-03-05 16:02:14.895 | INFO     | app.services.scheduler:setup_scheduler:26 - Scheduler configured: strategies run every 30s
2026-03-05 16:02:14.897 | INFO     | app.services.scheduler:start_scheduler:33 - Scheduler started
2026-03-05 16:02:14.897 | INFO     | main:lifespan:76 - App running. Simulation mode: True
2026-03-05 16:02:14.897 | INFO     | app.websocket.listener:start:144 - Starting WebSocket listener for: ['BTC/INR', 'ETH/INR']
2026-03-05 16:02:14.913 | ERROR    | app.websocket.listener:start:152 - WebSocket error: [Errno 11001] getaddrinfo failed. Reconnecting in 1.0s...
2026-03-05 16:02:15.914 | ERROR    | app.websocket.listener:start:152 - WebSocket error: [Errno 11001] getaddrinfo failed. Reconnecting in 2.0s...
2026-03-05 16:02:17.915 | ERROR    | app.websocket.listener:start:152 - WebSocket error: [Errno 11001] getaddrinfo failed. Reconnecting in 4.0s...
2026-03-05 16:02:21.928 | ERROR    | app.websocket.listener:start:152 - WebSocket error: [Errno 11001] getaddrinfo failed. Reconnecting in 8.0s...
2026-03-05 16:02:29.932 | ERROR    | app.websocket.listener:start:152 - WebSocket error: [Errno 11001] getaddrinfo failed. Reconnecting in 16.0s...
2026-03-05 16:02:44.919 | WARNING  | app.strategies.base:__init__:58 - [ma_crossover] Symbol 'BTC/USDT' is inconsistent with exchange 'coinswitchx'. Using 'BTC/INR' instead.
2026-03-05 16:02:44.920 | WARNING  | app.strategies.base:__init__:58 - [rsi_strategy] Symbol 'BTC/USDT' is inconsistent with exchange 'coinswitchx'. Using 'BTC/INR' instead.
2026-03-05 16:02:44.921 | WARNING  | app.strategies.base:__init__:58 - [grid_trading] Symbol 'BTC/USDT' is inconsistent with exchange 'coinswitchx'. Using 'BTC/INR' instead.
2026-03-05 16:02:44.922 | WARNING  | app.strategies.base:__init__:58 - [dca_bot] Symbol 'BTC/USDT' is inconsistent with exchange 'coinswitchx'. Using 'BTC/INR' instead.
2026-03-05 16:02:44.924 | WARNING  | app.strategies.base:__init__:58 - [breakout] Symbol 'BTC/USDT' is inconsistent with exchange 'coinswitchx'. Using 'BTC/INR' instead.
2026-03-05 16:02:44.925 | INFO     | app.strategies.engine:load_strategies:63 - Loaded 5 strategies: ['ma_crossover', 'rsi_strategy', 'grid_trading', 'dca_bot', 'breakout']
2026-03-05 16:02:45.301 | WARNING  | app.strategies.base:log:210 - [ma_crossover] Not enough candles
2026-03-05 16:02:45.484 | WARNING  | app.strategies.base:log:210 - [rsi_strategy] Not enough candles
2026-03-05 16:02:45.651 | INFO     | app.strategies.base:log:210 - [grid_trading] Grid initialized: 11 levels [6102825.30 - 7459008.70]
2026-03-05 16:02:45.879 | INFO     | app.trading.spot:create_order:320 - [SIM] BUY 0.001 BTC/INR @ 6102825.3 on coinswitchx
2026-03-05 16:02:45.942 | ERROR    | app.websocket.listener:start:152 - WebSocket error: [Errno 11001] getaddrinfo failed. Reconnecting in 32.0s...
2026-03-05 16:02:46.009 | INFO     | app.trading.spot:create_order:320 - [SIM] BUY 0.001 BTC/INR @ 6238443.64 on coinswitchx
2026-03-05 16:02:46.137 | INFO     | app.trading.spot:create_order:320 - [SIM] BUY 0.001 BTC/INR @ 6374061.98 on coinswitchx
2026-03-05 16:02:46.270 | INFO     | app.trading.spot:create_order:320 - [SIM] BUY 0.001 BTC/INR @ 6509680.32 on coinswitchx
2026-03-05 16:02:46.420 | INFO     | app.trading.spot:create_order:320 - [SIM] BUY 0.001 BTC/INR @ 6645298.66 on coinswitchx
2026-03-05 16:02:46.573 | INFO     | app.trading.spot:create_order:320 - [SIM] SELL 0.001 BTC/INR @ 6916535.34 on coinswitchx
2026-03-05 16:02:46.714 | INFO     | app.trading.spot:create_order:320 - [SIM] SELL 0.001 BTC/INR @ 7052153.68 on coinswitchx
2026-03-05 16:02:46.853 | INFO     | app.trading.spot:create_order:320 - [SIM] SELL 0.001 BTC/INR @ 7187772.02 on coinswitchx
2026-03-05 16:02:46.982 | INFO     | app.trading.spot:create_order:320 - [SIM] SELL 0.001 BTC/INR @ 7323390.36 on coinswitchx
2026-03-05 16:02:47.123 | INFO     | app.trading.spot:create_order:320 - [SIM] SELL 0.001 BTC/INR @ 7459008.7 on coinswitchx
2026-03-05 16:02:47.124 | INFO     | app.strategies.base:log:210 - [grid_trading] Placed 10 initial grid orders
2026-03-05 16:02:47.509 | INFO     | app.strategies.base:log:210 - [dca_bot] DCA buy #1/10 @ 6781844.0000
2026-03-05 16:02:47.762 | INFO     | app.trading.spot:create_order:320 - [SIM] BUY 0.001 BTC/INR @ 6781844.0 on coinswitchx
2026-03-05 16:03:14.911 | WARNING  | app.strategies.base:__init__:58 - [ma_crossover] Symbol 'BTC/USDT' is inconsistent with exchange 'coinswitchx'. Using 'BTC/INR' instead.
2026-03-05 16:03:14.911 | WARNING  | app.strategies.base:__init__:58 - [rsi_strategy] Symbol 'BTC/USDT' is inconsistent with exchange 'coinswitchx'. Using 'BTC/INR' instead.
2026-03-05 16:03:14.911 | WARNING  | app.strategies.base:__init__:58 - [grid_trading] Symbol 'BTC/USDT' is inconsistent with exchange 'coinswitchx'. Using 'BTC/INR' instead.
2026-03-05 16:03:14.911 | WARNING  | app.strategies.base:__init__:58 - [dca_bot] Symbol 'BTC/USDT' is inconsistent with exchange 'coinswitchx'. Using 'BTC/INR' instead.
2026-03-05 16:03:14.917 | WARNING  | app.strategies.base:__init__:58 - [breakout] Symbol 'BTC/USDT' is inconsistent with exchange 'coinswitchx'. Using 'BTC/INR' instead.
2026-03-05 16:03:14.918 | INFO     | app.strategies.engine:load_strategies:63 - Loaded 5 strategies: ['ma_crossover', 'rsi_strategy', 'grid_trading', 'dca_bot', 'breakout']
2026-03-05 16:03:15.242 | WARNING  | app.strategies.base:log:210 - [ma_crossover] Not enough candles
2026-03-05 16:03:15.413 | WARNING  | app.strategies.base:log:210 - [rsi_strategy] Not enough candles
2026-03-05 16:03:15.560 | INFO     | app.strategies.base:log:210 - [grid_trading] Grid initialized: 11 levels [6103659.60 - 7460028.40]
2026-03-05 16:03:15.760 | INFO     | app.trading.spot:create_order:320 - [SIM] BUY 0.001 BTC/INR @ 6103659.6 on coinswitchx
2026-03-05 16:03:15.899 | INFO     | app.trading.spot:create_order:320 - [SIM] BUY 0.001 BTC/INR @ 6239296.48 on coinswitchx
2026-03-05 16:03:16.028 | INFO     | app.trading.spot:create_order:320 - [SIM] BUY 0.001 BTC/INR @ 6374933.36 on coinswitchx
2026-03-05 16:03:16.173 | INFO     | app.trading.spot:create_order:320 - [SIM] BUY 0.001 BTC/INR @ 6510570.24 on coinswitchx
2026-03-05 16:03:16.321 | INFO     | app.trading.spot:create_order:320 - [SIM] BUY 0.001 BTC/INR @ 6646207.12 on coinswitchx
2026-03-05 16:03:16.451 | INFO     | app.trading.spot:create_order:320 - [SIM] SELL 0.001 BTC/INR @ 6917480.88 on coinswitchx
2026-03-05 16:03:16.582 | INFO     | app.trading.spot:create_order:320 - [SIM] SELL 0.001 BTC/INR @ 7053117.76 on coinswitchx
2026-03-05 16:03:16.721 | INFO     | app.trading.spot:create_order:320 - [SIM] SELL 0.001 BTC/INR @ 7188754.64 on coinswitchx
2026-03-05 16:03:16.861 | INFO     | app.trading.spot:create_order:320 - [SIM] SELL 0.001 BTC/INR @ 7324391.52 on coinswitchx
2026-03-05 16:03:16.976 | INFO     | app.trading.spot:create_order:320 - [SIM] SELL 0.001 BTC/INR @ 7460028.4 on coinswitchx
2026-03-05 16:03:16.976 | INFO     | app.strategies.base:log:210 - [grid_trading] Placed 10 initial grid orders
2026-03-05 16:03:17.310 | INFO     | app.strategies.base:log:210 - [dca_bot] DCA buy #1/10 @ 6781844.0000
2026-03-05 16:03:17.529 | INFO     | app.trading.spot:create_order:320 - [SIM] BUY 0.001 BTC/INR @ 6781844.0 on coinswitchx
2026-03-05 16:03:17.959 | ERROR    | app.websocket.listener:start:152 - WebSocket error: [Errno 11001] getaddrinfo failed. Reconnecting in 60s...
2026-03-05 16:03:44.899 | WARNING  | app.strategies.base:__init__:58 - [ma_crossover] Symbol 'BTC/USDT' is inconsistent with exchange 'coinswitchx'. Using 'BTC/INR' instead.
2026-03-05 16:03:44.899 | WARNING  | app.strategies.base:__init__:58 - [rsi_strategy] Symbol 'BTC/USDT' is inconsistent with exchange 'coinswitchx'. Using 'BTC/INR' instead.
2026-03-05 16:03:44.899 | WARNING  | app.strategies.base:__init__:58 - [grid_trading] Symbol 'BTC/USDT' is inconsistent with exchange 'coinswitchx'. Using 'BTC/INR' instead.
2026-03-05 16:03:44.899 | WARNING  | app.strategies.base:__init__:58 - [dca_bot] Symbol 'BTC/USDT' is inconsistent with exchange 'coinswitchx'. Using 'BTC/INR' instead.
2026-03-05 16:03:44.899 | WARNING  | app.strategies.base:__init__:58 - [breakout] Symbol 'BTC/USDT' is inconsistent with exchange 'coinswitchx'. Using 'BTC/INR' instead.
2026-03-05 16:03:44.899 | INFO     | app.strategies.engine:load_strategies:63 - Loaded 5 strategies: ['ma_crossover', 'rsi_strategy', 'grid_trading', 'dca_bot', 'breakout']
2026-03-05 16:03:45.268 | WARNING  | app.strategies.base:log:210 - [ma_crossover] Not enough candles
2026-03-05 16:03:45.463 | WARNING  | app.strategies.base:log:210 - [rsi_strategy] Not enough candles
2026-03-05 16:03:45.617 | INFO     | app.strategies.base:log:210 - [grid_trading] Grid initialized: 11 levels [6168727.80 - 7539556.20]
2026-03-05 16:03:46.093 | INFO     | app.trading.spot:create_order:320 - [SIM] BUY 0.001 BTC/INR @ 6168727.8 on coinswitchx
2026-03-05 16:03:46.235 | INFO     | app.trading.spot:create_order:320 - [SIM] BUY 0.001 BTC/INR @ 6305810.64 on coinswitchx
2026-03-05 16:03:46.354 | INFO     | app.trading.spot:create_order:320 - [SIM] BUY 0.001 BTC/INR @ 6442893.48 on coinswitchx
2026-03-05 16:03:46.492 | INFO     | app.trading.spot:create_order:320 - [SIM] BUY 0.001 BTC/INR @ 6579976.32 on coinswitchx
2026-03-05 16:03:46.670 | INFO     | app.trading.spot:create_order:320 - [SIM] BUY 0.001 BTC/INR @ 6717059.16 on coinswitchx
2026-03-05 16:03:46.788 | INFO     | app.trading.spot:create_order:320 - [SIM] SELL 0.001 BTC/INR @ 6991224.84 on coinswitchx
2026-03-05 16:03:46.938 | INFO     | app.trading.spot:create_order:320 - [SIM] SELL 0.001 BTC/INR @ 7128307.68 on coinswitchx
2026-03-05 16:03:47.071 | INFO     | app.trading.spot:create_order:320 - [SIM] SELL 0.001 BTC/INR @ 7265390.52 on coinswitchx
2026-03-05 16:03:47.225 | INFO     | app.trading.spot:create_order:320 - [SIM] SELL 0.001 BTC/INR @ 7402473.36 on coinswitchx
2026-03-05 16:03:47.338 | INFO     | app.trading.spot:create_order:320 - [SIM] SELL 0.001 BTC/INR @ 7539556.2 on coinswitchx
2026-03-05 16:03:47.353 | INFO     | app.strategies.base:log:210 - [grid_trading] Placed 10 initial grid orders
2026-03-05 16:03:47.704 | INFO     | app.strategies.base:log:210 - [dca_bot] DCA buy #1/10 @ 6854142.0000
2026-03-05 16:03:47.923 | INFO     | app.trading.spot:create_order:320 - [SIM] BUY 0.001 BTC/INR @ 6854142.0 on coinswitchx
2026-03-05 16:04:14.915 | WARNING  | app.strategies.base:__init__:58 - [ma_crossover] Symbol 'BTC/USDT' is inconsistent with exchange 'coinswitchx'. Using 'BTC/INR' instead.
2026-03-05 16:04:14.915 | WARNING  | app.strategies.base:__init__:58 - [rsi_strategy] Symbol 'BTC/USDT' is inconsistent with exchange 'coinswitchx'. Using 'BTC/INR' instead.
2026-03-05 16:04:14.915 | WARNING  | app.strategies.base:__init__:58 - [grid_trading] Symbol 'BTC/USDT' is inconsistent with exchange 'coinswitchx'. Using 'BTC/INR' instead.
2026-03-05 16:04:14.915 | WARNING  | app.strategies.base:__init__:58 - [dca_bot] Symbol 'BTC/USDT' is inconsistent with exchange 'coinswitchx'. Using 'BTC/INR' instead.
2026-03-05 16:04:14.915 | WARNING  | app.strategies.base:__init__:58 - [breakout] Symbol 'BTC/USDT' is inconsistent with exchange 'coinswitchx'. Using 'BTC/INR' instead.
2026-03-05 16:04:14.924 | INFO     | app.strategies.engine:load_strategies:63 - Loaded 5 strategies: ['ma_crossover', 'rsi_strategy', 'grid_trading', 'dca_bot', 'breakout']
2026-03-05 16:04:15.327 | WARNING  | app.strategies.base:log:210 - [ma_crossover] Not enough candles
2026-03-05 16:04:15.518 | WARNING  | app.strategies.base:log:210 - [rsi_strategy] Not enough candles
2026-03-05 16:04:15.687 | INFO     | app.strategies.base:log:210 - [grid_trading] Grid initialized: 11 levels [6115266.00 - 7474214.00]
2026-03-05 16:04:15.899 | INFO     | app.trading.spot:create_order:320 - [SIM] BUY 0.001 BTC/INR @ 6115266.0 on coinswitchx
2026-03-05 16:04:16.029 | INFO     | app.trading.spot:create_order:320 - [SIM] BUY 0.001 BTC/INR @ 6251160.8 on coinswitchx
2026-03-05 16:04:16.191 | INFO     | app.trading.spot:create_order:320 - [SIM] BUY 0.001 BTC/INR @ 6387055.6 on coinswitchx
2026-03-05 16:04:16.345 | INFO     | app.trading.spot:create_order:320 - [SIM] BUY 0.001 BTC/INR @ 6522950.4 on coinswitchx
2026-03-05 16:04:16.494 | INFO     | app.trading.spot:create_order:320 - [SIM] BUY 0.001 BTC/INR @ 6658845.2 on coinswitchx
2026-03-05 16:04:16.633 | INFO     | app.trading.spot:create_order:320 - [SIM] SELL 0.001 BTC/INR @ 6930634.8 on coinswitchx
2026-03-05 16:04:16.775 | INFO     | app.trading.spot:create_order:320 - [SIM] SELL 0.001 BTC/INR @ 7066529.6 on coinswitchx
2026-03-05 16:04:16.926 | INFO     | app.trading.spot:create_order:320 - [SIM] SELL 0.001 BTC/INR @ 7202424.4 on coinswitchx
2026-03-05 16:04:17.062 | INFO     | app.trading.spot:create_order:320 - [SIM] SELL 0.001 BTC/INR @ 7338319.2 on coinswitchx
2026-03-05 16:04:17.207 | INFO     | app.trading.spot:create_order:320 - [SIM] SELL 0.001 BTC/INR @ 7474214.0 on coinswitchx
2026-03-05 16:04:17.210 | INFO     | app.strategies.base:log:210 - [grid_trading] Placed 10 initial grid orders
2026-03-05 16:04:17.560 | INFO     | app.strategies.base:log:210 - [dca_bot] DCA buy #1/10 @ 6794740.0000
2026-03-05 16:04:17.780 | INFO     | app.trading.spot:create_order:320 - [SIM] BUY 0.001 BTC/INR @ 6794740.0 on coinswitchx
2026-03-05 16:04:18.002 | ERROR    | app.websocket.listener:start:152 - WebSocket error: [Errno 11001] getaddrinfo failed. Reconnecting in 60s...
2026-03-05 16:04:44.897 | WARNING  | app.strategies.base:__init__:58 - [ma_crossover] Symbol 'BTC/USDT' is inconsistent with exchange 'coinswitchx'. Using 'BTC/INR' instead.
2026-03-05 16:04:44.897 | WARNING  | app.strategies.base:__init__:58 - [rsi_strategy] Symbol 'BTC/USDT' is inconsistent with exchange 'coinswitchx'. Using 'BTC/INR' instead.
2026-03-05 16:04:44.897 | WARNING  | app.strategies.base:__init__:58 - [grid_trading] Symbol 'BTC/USDT' is inconsistent with exchange 'coinswitchx'. Using 'BTC/INR' instead.
2026-03-05 16:04:44.897 | WARNING  | app.strategies.base:__init__:58 - [dca_bot] Symbol 'BTC/USDT' is inconsistent with exchange 'coinswitchx'. Using 'BTC/INR' instead.
2026-03-05 16:04:44.897 | WARNING  | app.strategies.base:__init__:58 - [breakout] Symbol 'BTC/USDT' is inconsistent with exchange 'coinswitchx'. Using 'BTC/INR' instead.
2026-03-05 16:04:44.912 | INFO     | app.strategies.engine:load_strategies:63 - Loaded 5 strategies: ['ma_crossover', 'rsi_strategy', 'grid_trading', 'dca_bot', 'breakout']
2026-03-05 16:04:45.126 | WARNING  | app.strategies.base:log:210 - [ma_crossover] Not enough candles
2026-03-05 16:04:45.315 | WARNING  | app.strategies.base:log:210 - [rsi_strategy] Not enough candles
2026-03-05 16:04:45.446 | INFO     | app.strategies.base:log:210 - [grid_trading] Grid initialized: 11 levels [6115266.00 - 7474214.00]
2026-03-05 16:04:46.076 | INFO     | app.trading.spot:create_order:320 - [SIM] BUY 0.001 BTC/INR @ 6115266.0 on coinswitchx
2026-03-05 16:04:46.219 | INFO     | app.trading.spot:create_order:320 - [SIM] BUY 0.001 BTC/INR @ 6251160.8 on coinswitchx
2026-03-05 16:04:46.332 | INFO     | app.trading.spot:create_order:320 - [SIM] BUY 0.001 BTC/INR @ 6387055.6 on coinswitchx
2026-03-05 16:04:46.455 | INFO     | app.trading.spot:create_order:320 - [SIM] BUY 0.001 BTC/INR @ 6522950.4 on coinswitchx
2026-03-05 16:04:46.636 | INFO     | app.trading.spot:create_order:320 - [SIM] BUY 0.001 BTC/INR @ 6658845.2 on coinswitchx
2026-03-05 16:04:46.767 | INFO     | app.trading.spot:create_order:320 - [SIM] SELL 0.001 BTC/INR @ 6930634.8 on coinswitchx
2026-03-05 16:04:46.897 | INFO     | app.trading.spot:create_order:320 - [SIM] SELL 0.001 BTC/INR @ 7066529.6 on coinswitchx
2026-03-05 16:04:47.035 | INFO     | app.trading.spot:create_order:320 - [SIM] SELL 0.001 BTC/INR @ 7202424.4 on coinswitchx
2026-03-05 16:04:47.157 | INFO     | app.trading.spot:create_order:320 - [SIM] SELL 0.001 BTC/INR @ 7338319.2 on coinswitchx
2026-03-05 16:04:47.298 | INFO     | app.trading.spot:create_order:320 - [SIM] SELL 0.001 BTC/INR @ 7474214.0 on coinswitchx
2026-03-05 16:04:47.300 | INFO     | app.strategies.base:log:210 - [grid_trading] Placed 10 initial grid orders
2026-03-05 16:04:47.576 | INFO     | app.strategies.base:log:210 - [dca_bot] DCA buy #1/10 @ 6794740.0000
2026-03-05 16:04:47.793 | INFO     | app.trading.spot:create_order:320 - [SIM] BUY 0.001 BTC/INR @ 6794740.0 on coinswitchx
2026-03-05 16:05:14.903 | WARNING  | app.strategies.base:__init__:58 - [ma_crossover] Symbol 'BTC/USDT' is inconsistent with exchange 'coinswitchx'. Using 'BTC/INR' instead.
2026-03-05 16:05:14.905 | WARNING  | app.strategies.base:__init__:58 - [rsi_strategy] Symbol 'BTC/USDT' is inconsistent with exchange 'coinswitchx'. Using 'BTC/INR' instead.
2026-03-05 16:05:14.906 | WARNING  | app.strategies.base:__init__:58 - [grid_trading] Symbol 'BTC/USDT' is inconsistent with exchange 'coinswitchx'. Using 'BTC/INR' instead.
2026-03-05 16:05:14.907 | WARNING  | app.strategies.base:__init__:58 - [dca_bot] Symbol 'BTC/USDT' is inconsistent with exchange 'coinswitchx'. Using 'BTC/INR' instead.
2026-03-05 16:05:14.908 | WARNING  | app.strategies.base:__init__:58 - [breakout] Symbol 'BTC/USDT' is inconsistent with exchange 'coinswitchx'. Using 'BTC/INR' instead.
2026-03-05 16:05:14.909 | INFO     | app.strategies.engine:load_strategies:63 - Loaded 5 strategies: ['ma_crossover', 'rsi_strategy', 'grid_trading', 'dca_bot', 'breakout']
2026-03-05 16:05:15.181 | WARNING  | app.strategies.base:log:210 - [ma_crossover] Not enough candles
2026-03-05 16:05:15.351 | WARNING  | app.strategies.base:log:210 - [rsi_strategy] Not enough candles
2026-03-05 16:05:15.507 | INFO     | app.strategies.base:log:210 - [grid_trading] Grid initialized: 11 levels [6115266.00 - 7474214.00]
2026-03-05 16:05:15.724 | INFO     | app.trading.spot:create_order:320 - [SIM] BUY 0.001 BTC/INR @ 6115266.0 on coinswitchx
2026-03-05 16:05:15.854 | INFO     | app.trading.spot:create_order:320 - [SIM] BUY 0.001 BTC/INR @ 6251160.8 on coinswitchx
2026-03-05 16:05:15.984 | INFO     | app.trading.spot:create_order:320 - [SIM] BUY 0.001 BTC/INR @ 6387055.6 on coinswitchx
2026-03-05 16:05:16.117 | INFO     | app.trading.spot:create_order:320 - [SIM] BUY 0.001 BTC/INR @ 6522950.4 on coinswitchx
2026-03-05 16:05:16.234 | INFO     | app.trading.spot:create_order:320 - [SIM] BUY 0.001 BTC/INR @ 6658845.2 on coinswitchx
2026-03-05 16:05:16.361 | INFO     | app.trading.spot:create_order:320 - [SIM] SELL 0.001 BTC/INR @ 6930634.8 on coinswitchx
2026-03-05 16:05:16.492 | INFO     | app.trading.spot:create_order:320 - [SIM] SELL 0.001 BTC/INR @ 7066529.6 on coinswitchx
2026-03-05 16:05:16.615 | INFO     | app.trading.spot:create_order:320 - [SIM] SELL 0.001 BTC/INR @ 7202424.4 on coinswitchx
2026-03-05 16:05:16.763 | INFO     | app.trading.spot:create_order:320 - [SIM] SELL 0.001 BTC/INR @ 7338319.2 on coinswitchx
2026-03-05 16:05:16.905 | INFO     | app.trading.spot:create_order:320 - [SIM] SELL 0.001 BTC/INR @ 7474214.0 on coinswitchx
2026-03-05 16:05:16.907 | INFO     | app.strategies.base:log:210 - [grid_trading] Placed 10 initial grid orders
2026-03-05 16:05:17.328 | INFO     | app.strategies.base:log:210 - [dca_bot] DCA buy #1/10 @ 6794740.0000
2026-03-05 16:05:17.573 | INFO     | app.trading.spot:create_order:320 - [SIM] BUY 0.001 BTC/INR @ 6794740.0 on coinswitchx
2026-03-05 16:05:18.010 | ERROR    | app.websocket.listener:start:152 - WebSocket error: [Errno 11001] getaddrinfo failed. Reconnecting in 60s...
2026-03-05 16:05:44.905 | WARNING  | app.strategies.base:__init__:58 - [ma_crossover] Symbol 'BTC/USDT' is inconsistent with exchange 'coinswitchx'. Using 'BTC/INR' instead.
2026-03-05 16:05:44.905 | WARNING  | app.strategies.base:__init__:58 - [rsi_strategy] Symbol 'BTC/USDT' is inconsistent with exchange 'coinswitchx'. Using 'BTC/INR' instead.
2026-03-05 16:05:44.905 | WARNING  | app.strategies.base:__init__:58 - [grid_trading] Symbol 'BTC/USDT' is inconsistent with exchange 'coinswitchx'. Using 'BTC/INR' instead.
2026-03-05 16:05:44.905 | WARNING  | app.strategies.base:__init__:58 - [dca_bot] Symbol 'BTC/USDT' is inconsistent with exchange 'coinswitchx'. Using 'BTC/INR' instead.
2026-03-05 16:05:44.905 | WARNING  | app.strategies.base:__init__:58 - [breakout] Symbol 'BTC/USDT' is inconsistent with exchange 'coinswitchx'. Using 'BTC/INR' instead.
2026-03-05 16:05:44.905 | INFO     | app.strategies.engine:load_strategies:63 - Loaded 5 strategies: ['ma_crossover', 'rsi_strategy', 'grid_trading', 'dca_bot', 'breakout']
2026-03-05 16:05:45.210 | WARNING  | app.strategies.base:log:210 - [ma_crossover] Not enough candles
2026-03-05 16:05:45.371 | WARNING  | app.strategies.base:log:210 - [rsi_strategy] Not enough candles
2026-03-05 16:05:45.504 | INFO     | app.strategies.base:log:210 - [grid_trading] Grid initialized: 11 levels [6168708.90 - 7539533.10]
2026-03-05 16:05:45.665 | INFO     | app.trading.spot:create_order:320 - [SIM] BUY 0.001 BTC/INR @ 6168708.9 on coinswitchx
2026-03-05 16:05:45.814 | INFO     | app.trading.spot:create_order:320 - [SIM] BUY 0.001 BTC/INR @ 6305791.32 on coinswitchx
2026-03-05 16:05:45.936 | INFO     | app.trading.spot:create_order:320 - [SIM] BUY 0.001 BTC/INR @ 6442873.74 on coinswitchx
2026-03-05 16:05:46.078 | INFO     | app.trading.spot:create_order:320 - [SIM] BUY 0.001 BTC/INR @ 6579956.16 on coinswitchx
2026-03-05 16:05:46.189 | INFO     | app.trading.spot:create_order:320 - [SIM] BUY 0.001 BTC/INR @ 6717038.58 on coinswitchx
2026-03-05 16:05:46.313 | INFO     | app.trading.spot:create_order:320 - [SIM] SELL 0.001 BTC/INR @ 6991203.42 on coinswitchx
2026-03-05 16:05:46.436 | INFO     | app.trading.spot:create_order:320 - [SIM] SELL 0.001 BTC/INR @ 7128285.84 on coinswitchx
2026-03-05 16:05:46.572 | INFO     | app.trading.spot:create_order:320 - [SIM] SELL 0.001 BTC/INR @ 7265368.26 on coinswitchx
2026-03-05 16:05:46.712 | INFO     | app.trading.spot:create_order:320 - [SIM] SELL 0.001 BTC/INR @ 7402450.68 on coinswitchx
2026-03-05 16:05:46.830 | INFO     | app.trading.spot:create_order:320 - [SIM] SELL 0.001 BTC/INR @ 7539533.1 on coinswitchx
2026-03-05 16:05:46.830 | INFO     | app.strategies.base:log:210 - [grid_trading] Placed 10 initial grid orders
2026-03-05 16:05:47.171 | INFO     | app.strategies.base:log:210 - [dca_bot] DCA buy #1/10 @ 6854121.0000
2026-03-05 16:05:47.378 | INFO     | app.trading.spot:create_order:320 - [SIM] BUY 0.001 BTC/INR @ 6854121.0 on coinswitchx
2026-03-05 16:06:09.946 | INFO     | main:lifespan:81 - Shutting down...
2026-03-05 16:06:09.946 | INFO     | app.services.scheduler:stop_scheduler:39 - Scheduler stopped
2026-03-05 16:06:09.946 | INFO     | app.websocket.listener:stop:192 - WebSocket listener stopped
2026-03-05 16:06:13.820 | INFO     | main:lifespan:56 - Starting CoinSwitch Trader
2026-03-05 16:06:13.835 | INFO     | main:lifespan:60 - Database initialized
2026-03-05 16:06:13.912 | INFO     | app.strategies.engine:seed_default_configs:122 - Seeded default strategy configs
2026-03-05 16:06:13.912 | INFO     | main:lifespan:69 - WebSocket listener started
2026-03-05 16:06:13.916 | INFO     | app.services.scheduler:setup_scheduler:26 - Scheduler configured: strategies run every 30s
2026-03-05 16:06:13.919 | INFO     | app.services.scheduler:start_scheduler:33 - Scheduler started
2026-03-05 16:06:13.920 | INFO     | main:lifespan:76 - App running. Simulation mode: True
2026-03-05 16:06:13.920 | INFO     | app.websocket.listener:start:144 - Starting WebSocket listener for: ['BTC/INR', 'ETH/INR']
2026-03-05 16:06:13.925 | ERROR    | app.websocket.listener:start:152 - WebSocket error: https://ws.coinswitch.co isn't a valid URI: scheme isn't ws or wss. Reconnecting in 1.0s...
2026-03-05 16:06:14.934 | ERROR    | app.websocket.listener:start:152 - WebSocket error: https://ws.coinswitch.co isn't a valid URI: scheme isn't ws or wss. Reconnecting in 2.0s...
2026-03-05 16:06:16.924 | ERROR    | app.websocket.listener:start:152 - WebSocket error: https://ws.coinswitch.co isn't a valid URI: scheme isn't ws or wss. Reconnecting in 4.0s...
2026-03-05 16:06:20.927 | ERROR    | app.websocket.listener:start:152 - WebSocket error: https://ws.coinswitch.co isn't a valid URI: scheme isn't ws or wss. Reconnecting in 8.0s...
2026-03-05 16:06:28.927 | ERROR    | app.websocket.listener:start:152 - WebSocket error: https://ws.coinswitch.co isn't a valid URI: scheme isn't ws or wss. Reconnecting in 16.0s...
2026-03-05 16:06:37.587 | INFO     | main:lifespan:81 - Shutting down...
2026-03-05 16:06:37.587 | INFO     | app.services.scheduler:stop_scheduler:39 - Scheduler stopped
2026-03-05 16:06:37.591 | INFO     | app.websocket.listener:stop:192 - WebSocket listener stopped
2026-03-05 16:06:40.946 | INFO     | main:lifespan:56 - Starting CoinSwitch Trader
2026-03-05 16:06:40.946 | INFO     | main:lifespan:60 - Database initialized
2026-03-05 16:06:41.016 | INFO     | app.strategies.engine:seed_default_configs:122 - Seeded default strategy configs
2026-03-05 16:06:41.016 | INFO     | main:lifespan:69 - WebSocket listener started
2026-03-05 16:06:41.033 | INFO     | app.services.scheduler:setup_scheduler:26 - Scheduler configured: strategies run every 30s
2026-03-05 16:06:41.037 | INFO     | app.services.scheduler:start_scheduler:33 - Scheduler started
2026-03-05 16:06:41.037 | INFO     | main:lifespan:76 - App running. Simulation mode: True
2026-03-05 16:06:41.038 | INFO     | app.websocket.listener:start:144 - Starting WebSocket listener for: ['BTC/INR', 'ETH/INR']
2026-03-05 16:06:41.696 | ERROR    | app.websocket.listener:start:152 - WebSocket error: server rejected WebSocket connection: HTTP 503. Reconnecting in 1.0s...
2026-03-05 16:06:43.388 | ERROR    | app.websocket.listener:start:152 - WebSocket error: server rejected WebSocket connection: HTTP 503. Reconnecting in 2.0s...
2026-03-05 16:06:45.989 | ERROR    | app.websocket.listener:start:152 - WebSocket error: server rejected WebSocket connection: HTTP 503. Reconnecting in 4.0s...
2026-03-05 16:06:50.642 | ERROR    | app.websocket.listener:start:152 - WebSocket error: server rejected WebSocket connection: HTTP 503. Reconnecting in 8.0s...
2026-03-05 16:06:59.294 | ERROR    | app.websocket.listener:start:152 - WebSocket error: server rejected WebSocket connection: HTTP 503. Reconnecting in 16.0s...
2026-03-05 16:07:11.050 | WARNING  | app.strategies.base:__init__:58 - [ma_crossover] Symbol 'BTC/USDT' is inconsistent with exchange 'coinswitchx'. Using 'BTC/INR' instead.
2026-03-05 16:07:11.060 | WARNING  | app.strategies.base:__init__:58 - [rsi_strategy] Symbol 'BTC/USDT' is inconsistent with exchange 'coinswitchx'. Using 'BTC/INR' instead.
2026-03-05 16:07:11.060 | WARNING  | app.strategies.base:__init__:58 - [grid_trading] Symbol 'BTC/USDT' is inconsistent with exchange 'coinswitchx'. Using 'BTC/INR' instead.
2026-03-05 16:07:11.060 | WARNING  | app.strategies.base:__init__:58 - [dca_bot] Symbol 'BTC/USDT' is inconsistent with exchange 'coinswitchx'. Using 'BTC/INR' instead.
2026-03-05 16:07:11.060 | WARNING  | app.strategies.base:__init__:58 - [breakout] Symbol 'BTC/USDT' is inconsistent with exchange 'coinswitchx'. Using 'BTC/INR' instead.
2026-03-05 16:07:11.060 | INFO     | app.strategies.engine:load_strategies:63 - Loaded 5 strategies: ['ma_crossover', 'rsi_strategy', 'grid_trading', 'dca_bot', 'breakout']
2026-03-05 16:07:11.801 | WARNING  | app.strategies.base:log:210 - [ma_crossover] Not enough candles
2026-03-05 16:07:12.036 | WARNING  | app.strategies.base:log:210 - [rsi_strategy] Not enough candles
2026-03-05 16:07:12.220 | INFO     | app.strategies.base:log:210 - [grid_trading] Grid initialized: 11 levels [6168708.90 - 7539533.10]
2026-03-05 16:07:12.381 | INFO     | app.trading.spot:create_order:320 - [SIM] BUY 0.001 BTC/INR @ 6168708.9 on coinswitchx
2026-03-05 16:07:12.509 | INFO     | app.trading.spot:create_order:320 - [SIM] BUY 0.001 BTC/INR @ 6305791.32 on coinswitchx
2026-03-05 16:07:12.641 | INFO     | app.trading.spot:create_order:320 - [SIM] BUY 0.001 BTC/INR @ 6442873.74 on coinswitchx
2026-03-05 16:07:12.780 | INFO     | app.trading.spot:create_order:320 - [SIM] BUY 0.001 BTC/INR @ 6579956.16 on coinswitchx
2026-03-05 16:07:12.890 | INFO     | app.trading.spot:create_order:320 - [SIM] BUY 0.001 BTC/INR @ 6717038.58 on coinswitchx
2026-03-05 16:07:13.028 | INFO     | app.trading.spot:create_order:320 - [SIM] SELL 0.001 BTC/INR @ 6991203.42 on coinswitchx
2026-03-05 16:07:13.151 | INFO     | app.trading.spot:create_order:320 - [SIM] SELL 0.001 BTC/INR @ 7128285.84 on coinswitchx
2026-03-05 16:07:13.298 | INFO     | app.trading.spot:create_order:320 - [SIM] SELL 0.001 BTC/INR @ 7265368.26 on coinswitchx
2026-03-05 16:07:13.439 | INFO     | app.trading.spot:create_order:320 - [SIM] SELL 0.001 BTC/INR @ 7402450.68 on coinswitchx
2026-03-05 16:07:13.572 | INFO     | app.trading.spot:create_order:320 - [SIM] SELL 0.001 BTC/INR @ 7539533.1 on coinswitchx
2026-03-05 16:07:13.572 | INFO     | app.strategies.base:log:210 - [grid_trading] Placed 10 initial grid orders
2026-03-05 16:07:14.096 | INFO     | app.strategies.base:log:210 - [dca_bot] DCA buy #1/10 @ 6854121.0000
2026-03-05 16:07:14.334 | INFO     | app.trading.spot:create_order:320 - [SIM] BUY 0.001 BTC/INR @ 6854121.0 on coinswitchx
2026-03-05 16:07:15.855 | ERROR    | app.websocket.listener:start:152 - WebSocket error: server rejected WebSocket connection: HTTP 503. Reconnecting in 32.0s...
2026-03-05 16:07:41.043 | WARNING  | app.strategies.base:__init__:58 - [ma_crossover] Symbol 'BTC/USDT' is inconsistent with exchange 'coinswitchx'. Using 'BTC/INR' instead.
2026-03-05 16:07:41.043 | WARNING  | app.strategies.base:__init__:58 - [rsi_strategy] Symbol 'BTC/USDT' is inconsistent with exchange 'coinswitchx'. Using 'BTC/INR' instead.
2026-03-05 16:07:41.043 | WARNING  | app.strategies.base:__init__:58 - [grid_trading] Symbol 'BTC/USDT' is inconsistent with exchange 'coinswitchx'. Using 'BTC/INR' instead.
2026-03-05 16:07:41.043 | WARNING  | app.strategies.base:__init__:58 - [dca_bot] Symbol 'BTC/USDT' is inconsistent with exchange 'coinswitchx'. Using 'BTC/INR' instead.
2026-03-05 16:07:41.043 | WARNING  | app.strategies.base:__init__:58 - [breakout] Symbol 'BTC/USDT' is inconsistent with exchange 'coinswitchx'. Using 'BTC/INR' instead.
2026-03-05 16:07:41.043 | INFO     | app.strategies.engine:load_strategies:63 - Loaded 5 strategies: ['ma_crossover', 'rsi_strategy', 'grid_trading', 'dca_bot', 'breakout']
2026-03-05 16:07:41.404 | WARNING  | app.strategies.base:log:210 - [ma_crossover] Not enough candles
2026-03-05 16:07:41.612 | WARNING  | app.strategies.base:log:210 - [rsi_strategy] Not enough candles
2026-03-05 16:07:41.773 | INFO     | app.strategies.base:log:210 - [grid_trading] Grid initialized: 11 levels [6117671.70 - 7477154.30]
2026-03-05 16:07:42.240 | INFO     | app.trading.spot:create_order:320 - [SIM] BUY 0.001 BTC/INR @ 6117671.7 on coinswitchx
2026-03-05 16:07:42.353 | INFO     | app.trading.spot:create_order:320 - [SIM] BUY 0.001 BTC/INR @ 6253619.96 on coinswitchx
2026-03-05 16:07:42.494 | INFO     | app.trading.spot:create_order:320 - [SIM] BUY 0.001 BTC/INR @ 6389568.22 on coinswitchx
2026-03-05 16:07:42.620 | INFO     | app.trading.spot:create_order:320 - [SIM] BUY 0.001 BTC/INR @ 6525516.48 on coinswitchx
2026-03-05 16:07:42.777 | INFO     | app.trading.spot:create_order:320 - [SIM] BUY 0.001 BTC/INR @ 6661464.74 on coinswitchx
2026-03-05 16:07:42.890 | INFO     | app.trading.spot:create_order:320 - [SIM] SELL 0.001 BTC/INR @ 6933361.26 on coinswitchx
2026-03-05 16:07:43.022 | INFO     | app.trading.spot:create_order:320 - [SIM] SELL 0.001 BTC/INR @ 7069309.52 on coinswitchx
2026-03-05 16:07:43.153 | INFO     | app.trading.spot:create_order:320 - [SIM] SELL 0.001 BTC/INR @ 7205257.78 on coinswitchx
2026-03-05 16:07:43.281 | INFO     | app.trading.spot:create_order:320 - [SIM] SELL 0.001 BTC/INR @ 7341206.04 on coinswitchx
2026-03-05 16:07:43.432 | INFO     | app.trading.spot:create_order:320 - [SIM] SELL 0.001 BTC/INR @ 7477154.3 on coinswitchx
2026-03-05 16:07:43.432 | INFO     | app.strategies.base:log:210 - [grid_trading] Placed 10 initial grid orders
2026-03-05 16:07:43.823 | INFO     | app.strategies.base:log:210 - [dca_bot] DCA buy #1/10 @ 6797413.0000
2026-03-05 16:07:44.063 | INFO     | app.trading.spot:create_order:320 - [SIM] BUY 0.001 BTC/INR @ 6797413.0 on coinswitchx
2026-03-05 16:07:48.314 | ERROR    | app.websocket.listener:start:152 - WebSocket error: server rejected WebSocket connection: HTTP 503. Reconnecting in 60s...
2026-03-05 16:08:11.051 | WARNING  | app.strategies.base:__init__:58 - [ma_crossover] Symbol 'BTC/USDT' is inconsistent with exchange 'coinswitchx'. Using 'BTC/INR' instead.
2026-03-05 16:08:11.052 | WARNING  | app.strategies.base:__init__:58 - [rsi_strategy] Symbol 'BTC/USDT' is inconsistent with exchange 'coinswitchx'. Using 'BTC/INR' instead.
2026-03-05 16:08:11.053 | WARNING  | app.strategies.base:__init__:58 - [grid_trading] Symbol 'BTC/USDT' is inconsistent with exchange 'coinswitchx'. Using 'BTC/INR' instead.
2026-03-05 16:08:11.054 | WARNING  | app.strategies.base:__init__:58 - [dca_bot] Symbol 'BTC/USDT' is inconsistent with exchange 'coinswitchx'. Using 'BTC/INR' instead.
2026-03-05 16:08:11.054 | WARNING  | app.strategies.base:__init__:58 - [breakout] Symbol 'BTC/USDT' is inconsistent with exchange 'coinswitchx'. Using 'BTC/INR' instead.
2026-03-05 16:08:11.054 | INFO     | app.strategies.engine:load_strategies:63 - Loaded 5 strategies: ['ma_crossover', 'rsi_strategy', 'grid_trading', 'dca_bot', 'breakout']
2026-03-05 16:08:11.431 | WARNING  | app.strategies.base:log:210 - [ma_crossover] Not enough candles
2026-03-05 16:08:11.664 | WARNING  | app.strategies.base:log:210 - [rsi_strategy] Not enough candles
2026-03-05 16:08:11.780 | INFO     | app.strategies.base:log:210 - [grid_trading] Grid initialized: 11 levels [6117671.70 - 7477154.30]
2026-03-05 16:08:12.003 | INFO     | app.trading.spot:create_order:320 - [SIM] BUY 0.001 BTC/INR @ 6117671.7 on coinswitchx
2026-03-05 16:08:12.156 | INFO     | app.trading.spot:create_order:320 - [SIM] BUY 0.001 BTC/INR @ 6253619.96 on coinswitchx
2026-03-05 16:08:12.298 | INFO     | app.trading.spot:create_order:320 - [SIM] BUY 0.001 BTC/INR @ 6389568.22 on coinswitchx
2026-03-05 16:08:12.437 | INFO     | app.trading.spot:create_order:320 - [SIM] BUY 0.001 BTC/INR @ 6525516.48 on coinswitchx
2026-03-05 16:08:12.566 | INFO     | app.trading.spot:create_order:320 - [SIM] BUY 0.001 BTC/INR @ 6661464.74 on coinswitchx
2026-03-05 16:08:12.729 | INFO     | app.trading.spot:create_order:320 - [SIM] SELL 0.001 BTC/INR @ 6933361.26 on coinswitchx
2026-03-05 16:08:12.870 | INFO     | app.trading.spot:create_order:320 - [SIM] SELL 0.001 BTC/INR @ 7069309.52 on coinswitchx
2026-03-05 16:08:12.998 | INFO     | app.trading.spot:create_order:320 - [SIM] SELL 0.001 BTC/INR @ 7205257.78 on coinswitchx
2026-03-05 16:08:13.139 | INFO     | app.trading.spot:create_order:320 - [SIM] SELL 0.001 BTC/INR @ 7341206.04 on coinswitchx
2026-03-05 16:08:13.294 | INFO     | app.trading.spot:create_order:320 - [SIM] SELL 0.001 BTC/INR @ 7477154.3 on coinswitchx
2026-03-05 16:08:13.298 | INFO     | app.strategies.base:log:210 - [grid_trading] Placed 10 initial grid orders
2026-03-05 16:08:13.699 | INFO     | app.strategies.base:log:210 - [dca_bot] DCA buy #1/10 @ 6854117.0000
2026-03-05 16:08:13.944 | INFO     | app.trading.spot:create_order:320 - [SIM] BUY 0.001 BTC/INR @ 6854117.0 on coinswitchx
2026-03-08 09:31:20.930 | INFO     | main:lifespan:56 - Starting CoinSwitch Trader
2026-03-08 09:31:21.029 | INFO     | main:lifespan:60 - Database initialized
2026-03-08 09:31:21.130 | INFO     | app.strategies.engine:seed_default_configs:122 - Seeded default strategy configs
2026-03-08 09:31:21.132 | INFO     | main:lifespan:69 - WebSocket listener started
2026-03-08 09:31:21.141 | INFO     | app.services.scheduler:setup_scheduler:26 - Scheduler configured: strategies run every 30s
2026-03-08 09:31:21.145 | INFO     | app.services.scheduler:start_scheduler:33 - Scheduler started
2026-03-08 09:31:21.145 | INFO     | main:lifespan:76 - App running. Simulation mode: True
2026-03-08 09:31:21.158 | INFO     | app.websocket.listener:start:144 - Starting WebSocket listener for: ['BTC/INR', 'ETH/INR']
2026-03-08 09:31:22.088 | ERROR    | app.websocket.listener:start:152 - WebSocket error: server rejected WebSocket connection: HTTP 503. Reconnecting in 1.0s...
2026-03-08 09:31:25.206 | ERROR    | app.websocket.listener:start:152 - WebSocket error: server rejected WebSocket connection: HTTP 503. Reconnecting in 2.0s...
2026-03-08 09:31:29.315 | ERROR    | app.websocket.listener:start:152 - WebSocket error: server rejected WebSocket connection: HTTP 503. Reconnecting in 4.0s...
2026-03-08 09:31:33.987 | ERROR    | app.websocket.listener:start:152 - WebSocket error: server rejected WebSocket connection: HTTP 503. Reconnecting in 8.0s...
2026-03-08 09:31:42.576 | ERROR    | app.websocket.listener:start:152 - WebSocket error: server rejected WebSocket connection: HTTP 503. Reconnecting in 16.0s...
2026-03-08 09:31:51.170 | WARNING  | app.strategies.base:__init__:58 - [ma_crossover] Symbol 'BTC/USDT' is inconsistent with exchange 'coinswitchx'. Using 'BTC/INR' instead.
2026-03-08 09:31:51.171 | WARNING  | app.strategies.base:__init__:58 - [rsi_strategy] Symbol 'BTC/USDT' is inconsistent with exchange 'coinswitchx'. Using 'BTC/INR' instead.
2026-03-08 09:31:51.180 | WARNING  | app.strategies.base:__init__:58 - [grid_trading] Symbol 'BTC/USDT' is inconsistent with exchange 'coinswitchx'. Using 'BTC/INR' instead.
2026-03-08 09:31:51.187 | WARNING  | app.strategies.base:__init__:58 - [dca_bot] Symbol 'BTC/USDT' is inconsistent with exchange 'coinswitchx'. Using 'BTC/INR' instead.
2026-03-08 09:31:51.191 | WARNING  | app.strategies.base:__init__:58 - [breakout] Symbol 'BTC/USDT' is inconsistent with exchange 'coinswitchx'. Using 'BTC/INR' instead.
2026-03-08 09:31:51.194 | INFO     | app.strategies.engine:load_strategies:63 - Loaded 5 strategies: ['ma_crossover', 'rsi_strategy', 'grid_trading', 'dca_bot', 'breakout']
2026-03-08 09:31:52.608 | WARNING  | app.strategies.base:log:210 - [ma_crossover] Not enough candles
2026-03-08 09:31:52.792 | WARNING  | app.strategies.base:log:210 - [rsi_strategy] Not enough candles
2026-03-08 09:31:52.932 | INFO     | app.strategies.base:log:210 - [grid_trading] Grid initialized: 11 levels [5670000.00 - 6930000.00]
2026-03-08 09:31:53.209 | INFO     | app.trading.spot:create_order:320 - [SIM] BUY 0.001 BTC/INR @ 5670000.0 on coinswitchx
2026-03-08 09:31:53.345 | INFO     | app.trading.spot:create_order:320 - [SIM] BUY 0.001 BTC/INR @ 5796000.0 on coinswitchx
2026-03-08 09:31:53.531 | INFO     | app.trading.spot:create_order:320 - [SIM] BUY 0.001 BTC/INR @ 5922000.0 on coinswitchx
2026-03-08 09:31:53.682 | INFO     | app.trading.spot:create_order:320 - [SIM] BUY 0.001 BTC/INR @ 6048000.0 on coinswitchx
2026-03-08 09:31:53.926 | INFO     | app.trading.spot:create_order:320 - [SIM] BUY 0.001 BTC/INR @ 6174000.0 on coinswitchx
2026-03-08 09:31:54.128 | INFO     | app.trading.spot:create_order:320 - [SIM] SELL 0.001 BTC/INR @ 6426000.0 on coinswitchx
2026-03-08 09:31:54.260 | INFO     | app.trading.spot:create_order:320 - [SIM] SELL 0.001 BTC/INR @ 6552000.0 on coinswitchx
2026-03-08 09:31:54.379 | INFO     | app.trading.spot:create_order:320 - [SIM] SELL 0.001 BTC/INR @ 6678000.0 on coinswitchx
2026-03-08 09:31:54.518 | INFO     | app.trading.spot:create_order:320 - [SIM] SELL 0.001 BTC/INR @ 6804000.0 on coinswitchx
2026-03-08 09:31:54.650 | INFO     | app.trading.spot:create_order:320 - [SIM] SELL 0.001 BTC/INR @ 6930000.0 on coinswitchx
2026-03-08 09:31:54.650 | INFO     | app.strategies.base:log:210 - [grid_trading] Placed 10 initial grid orders
2026-03-08 09:31:55.690 | INFO     | app.strategies.base:log:210 - [dca_bot] DCA buy #1/10 @ 6300000.0000
2026-03-08 09:31:56.097 | INFO     | app.trading.spot:create_order:320 - [SIM] BUY 0.001 BTC/INR @ 6300000.0 on coinswitchx
2026-03-08 09:31:59.175 | ERROR    | app.websocket.listener:start:152 - WebSocket error: server rejected WebSocket connection: HTTP 503. Reconnecting in 32.0s...
2026-03-08 09:32:21.149 | WARNING  | app.strategies.base:__init__:58 - [ma_crossover] Symbol 'BTC/USDT' is inconsistent with exchange 'coinswitchx'. Using 'BTC/INR' instead.
2026-03-08 09:32:21.150 | WARNING  | app.strategies.base:__init__:58 - [rsi_strategy] Symbol 'BTC/USDT' is inconsistent with exchange 'coinswitchx'. Using 'BTC/INR' instead.
2026-03-08 09:32:21.150 | WARNING  | app.strategies.base:__init__:58 - [grid_trading] Symbol 'BTC/USDT' is inconsistent with exchange 'coinswitchx'. Using 'BTC/INR' instead.
2026-03-08 09:32:21.150 | WARNING  | app.strategies.base:__init__:58 - [dca_bot] Symbol 'BTC/USDT' is inconsistent with exchange 'coinswitchx'. Using 'BTC/INR' instead.
2026-03-08 09:32:21.152 | WARNING  | app.strategies.base:__init__:58 - [breakout] Symbol 'BTC/USDT' is inconsistent with exchange 'coinswitchx'. Using 'BTC/INR' instead.
2026-03-08 09:32:21.152 | INFO     | app.strategies.engine:load_strategies:63 - Loaded 5 strategies: ['ma_crossover', 'rsi_strategy', 'grid_trading', 'dca_bot', 'breakout']
2026-03-08 09:32:21.780 | WARNING  | app.strategies.base:log:210 - [ma_crossover] Not enough candles
2026-03-08 09:32:21.990 | WARNING  | app.strategies.base:log:210 - [rsi_strategy] Not enough candles
2026-03-08 09:32:22.267 | INFO     | app.strategies.base:log:210 - [grid_trading] Grid initialized: 11 levels [5670000.00 - 6930000.00]
2026-03-08 09:32:22.476 | INFO     | app.trading.spot:create_order:320 - [SIM] BUY 0.001 BTC/INR @ 5670000.0 on coinswitchx
2026-03-08 09:32:22.593 | INFO     | app.trading.spot:create_order:320 - [SIM] BUY 0.001 BTC/INR @ 5796000.0 on coinswitchx
2026-03-08 09:32:22.723 | INFO     | app.trading.spot:create_order:320 - [SIM] BUY 0.001 BTC/INR @ 5922000.0 on coinswitchx
2026-03-08 09:32:22.842 | INFO     | app.trading.spot:create_order:320 - [SIM] BUY 0.001 BTC/INR @ 6048000.0 on coinswitchx
2026-03-08 09:32:22.973 | INFO     | app.trading.spot:create_order:320 - [SIM] BUY 0.001 BTC/INR @ 6174000.0 on coinswitchx
2026-03-08 09:32:23.097 | INFO     | app.trading.spot:create_order:320 - [SIM] SELL 0.001 BTC/INR @ 6426000.0 on coinswitchx
2026-03-08 09:32:23.231 | INFO     | app.trading.spot:create_order:320 - [SIM] SELL 0.001 BTC/INR @ 6552000.0 on coinswitchx
2026-03-08 09:32:23.376 | INFO     | app.trading.spot:create_order:320 - [SIM] SELL 0.001 BTC/INR @ 6678000.0 on coinswitchx
2026-03-08 09:32:23.573 | INFO     | app.trading.spot:create_order:320 - [SIM] SELL 0.001 BTC/INR @ 6804000.0 on coinswitchx
2026-03-08 09:32:23.729 | INFO     | app.trading.spot:create_order:320 - [SIM] SELL 0.001 BTC/INR @ 6930000.0 on coinswitchx
2026-03-08 09:32:23.731 | INFO     | app.strategies.base:log:210 - [grid_trading] Placed 10 initial grid orders
2026-03-08 09:32:25.142 | INFO     | app.strategies.base:log:210 - [dca_bot] DCA buy #1/10 @ 6300000.0000
2026-03-08 09:32:25.563 | INFO     | app.trading.spot:create_order:320 - [SIM] BUY 0.001 BTC/INR @ 6300000.0 on coinswitchx
2026-03-08 09:32:37.865 | ERROR    | app.websocket.listener:start:152 - WebSocket error: server rejected WebSocket connection: HTTP 503. Reconnecting in 60s...
2026-03-08 09:32:51.153 | WARNING  | app.strategies.base:__init__:58 - [ma_crossover] Symbol 'BTC/USDT' is inconsistent with exchange 'coinswitchx'. Using 'BTC/INR' instead.
2026-03-08 09:32:51.155 | WARNING  | app.strategies.base:__init__:58 - [rsi_strategy] Symbol 'BTC/USDT' is inconsistent with exchange 'coinswitchx'. Using 'BTC/INR' instead.
2026-03-08 09:32:51.155 | WARNING  | app.strategies.base:__init__:58 - [grid_trading] Symbol 'BTC/USDT' is inconsistent with exchange 'coinswitchx'. Using 'BTC/INR' instead.
2026-03-08 09:32:51.157 | WARNING  | app.strategies.base:__init__:58 - [dca_bot] Symbol 'BTC/USDT' is inconsistent with exchange 'coinswitchx'. Using 'BTC/INR' instead.
2026-03-08 09:32:51.157 | WARNING  | app.strategies.base:__init__:58 - [breakout] Symbol 'BTC/USDT' is inconsistent with exchange 'coinswitchx'. Using 'BTC/INR' instead.
2026-03-08 09:32:51.157 | INFO     | app.strategies.engine:load_strategies:63 - Loaded 5 strategies: ['ma_crossover', 'rsi_strategy', 'grid_trading', 'dca_bot', 'breakout']
2026-03-08 09:32:51.653 | WARNING  | app.strategies.base:log:210 - [ma_crossover] Not enough candles
2026-03-08 09:32:52.096 | WARNING  | app.strategies.base:log:210 - [rsi_strategy] Not enough candles
2026-03-08 09:32:53.055 | INFO     | app.strategies.base:log:210 - [grid_trading] Grid initialized: 11 levels [5670000.00 - 6930000.00]
2026-03-08 09:32:53.306 | INFO     | app.trading.spot:create_order:320 - [SIM] BUY 0.001 BTC/INR @ 5670000.0 on coinswitchx
2026-03-08 09:32:53.446 | INFO     | app.trading.spot:create_order:320 - [SIM] BUY 0.001 BTC/INR @ 5796000.0 on coinswitchx
2026-03-08 09:32:53.578 | INFO     | app.trading.spot:create_order:320 - [SIM] BUY 0.001 BTC/INR @ 5922000.0 on coinswitchx
2026-03-08 09:32:53.718 | INFO     | app.trading.spot:create_order:320 - [SIM] BUY 0.001 BTC/INR @ 6048000.0 on coinswitchx
2026-03-08 09:32:53.845 | INFO     | app.trading.spot:create_order:320 - [SIM] BUY 0.001 BTC/INR @ 6174000.0 on coinswitchx
2026-03-08 09:32:53.986 | INFO     | app.trading.spot:create_order:320 - [SIM] SELL 0.001 BTC/INR @ 6426000.0 on coinswitchx
2026-03-08 09:32:54.105 | INFO     | app.trading.spot:create_order:320 - [SIM] SELL 0.001 BTC/INR @ 6552000.0 on coinswitchx
2026-03-08 09:32:54.233 | INFO     | app.trading.spot:create_order:320 - [SIM] SELL 0.001 BTC/INR @ 6678000.0 on coinswitchx
2026-03-08 09:32:54.372 | INFO     | app.trading.spot:create_order:320 - [SIM] SELL 0.001 BTC/INR @ 6804000.0 on coinswitchx
2026-03-08 09:32:54.518 | INFO     | app.trading.spot:create_order:320 - [SIM] SELL 0.001 BTC/INR @ 6930000.0 on coinswitchx
2026-03-08 09:32:54.520 | INFO     | app.strategies.base:log:210 - [grid_trading] Placed 10 initial grid orders
2026-03-08 09:32:55.414 | INFO     | app.strategies.base:log:210 - [dca_bot] DCA buy #1/10 @ 6300000.0000
2026-03-08 09:32:55.825 | INFO     | app.trading.spot:create_order:320 - [SIM] BUY 0.001 BTC/INR @ 6300000.0 on coinswitchx
2026-03-08 09:33:21.158 | WARNING  | app.strategies.base:__init__:58 - [ma_crossover] Symbol 'BTC/USDT' is inconsistent with exchange 'coinswitchx'. Using 'BTC/INR' instead.
2026-03-08 09:33:21.158 | WARNING  | app.strategies.base:__init__:58 - [rsi_strategy] Symbol 'BTC/USDT' is inconsistent with exchange 'coinswitchx'. Using 'BTC/INR' instead.
2026-03-08 09:33:21.158 | WARNING  | app.strategies.base:__init__:58 - [grid_trading] Symbol 'BTC/USDT' is inconsistent with exchange 'coinswitchx'. Using 'BTC/INR' instead.
2026-03-08 09:33:21.160 | WARNING  | app.strategies.base:__init__:58 - [dca_bot] Symbol 'BTC/USDT' is inconsistent with exchange 'coinswitchx'. Using 'BTC/INR' instead.
2026-03-08 09:33:21.160 | WARNING  | app.strategies.base:__init__:58 - [breakout] Symbol 'BTC/USDT' is inconsistent with exchange 'coinswitchx'. Using 'BTC/INR' instead.
2026-03-08 09:33:21.160 | INFO     | app.strategies.engine:load_strategies:63 - Loaded 5 strategies: ['ma_crossover', 'rsi_strategy', 'grid_trading', 'dca_bot', 'breakout']
2026-03-08 09:33:21.661 | WARNING  | app.strategies.base:log:210 - [ma_crossover] Not enough candles
2026-03-08 09:33:21.895 | WARNING  | app.strategies.base:log:210 - [rsi_strategy] Not enough candles
2026-03-08 09:33:22.306 | INFO     | app.strategies.base:log:210 - [grid_trading] Grid initialized: 11 levels [5670000.00 - 6930000.00]
2026-03-08 09:33:22.772 | INFO     | app.trading.spot:create_order:320 - [SIM] BUY 0.001 BTC/INR @ 5670000.0 on coinswitchx
2026-03-08 09:33:22.892 | INFO     | app.trading.spot:create_order:320 - [SIM] BUY 0.001 BTC/INR @ 5796000.0 on coinswitchx
2026-03-08 09:33:23.027 | INFO     | app.trading.spot:create_order:320 - [SIM] BUY 0.001 BTC/INR @ 5922000.0 on coinswitchx
2026-03-08 09:33:23.174 | INFO     | app.trading.spot:create_order:320 - [SIM] BUY 0.001 BTC/INR @ 6048000.0 on coinswitchx
2026-03-08 09:33:23.346 | INFO     | app.trading.spot:create_order:320 - [SIM] BUY 0.001 BTC/INR @ 6174000.0 on coinswitchx
2026-03-08 09:33:23.475 | INFO     | app.trading.spot:create_order:320 - [SIM] SELL 0.001 BTC/INR @ 6426000.0 on coinswitchx
2026-03-08 09:33:23.594 | INFO     | app.trading.spot:create_order:320 - [SIM] SELL 0.001 BTC/INR @ 6552000.0 on coinswitchx
2026-03-08 09:33:23.741 | INFO     | app.trading.spot:create_order:320 - [SIM] SELL 0.001 BTC/INR @ 6678000.0 on coinswitchx
2026-03-08 09:33:23.904 | INFO     | app.trading.spot:create_order:320 - [SIM] SELL 0.001 BTC/INR @ 6804000.0 on coinswitchx
2026-03-08 09:33:24.043 | INFO     | app.trading.spot:create_order:320 - [SIM] SELL 0.001 BTC/INR @ 6930000.0 on coinswitchx
2026-03-08 09:33:24.043 | INFO     | app.strategies.base:log:210 - [grid_trading] Placed 10 initial grid orders
2026-03-08 09:33:25.034 | INFO     | app.strategies.base:log:210 - [dca_bot] DCA buy #1/10 @ 6300000.0000
2026-03-08 09:33:25.303 | INFO     | app.trading.spot:create_order:320 - [SIM] BUY 0.001 BTC/INR @ 6300000.0 on coinswitchx
2026-03-08 09:33:38.488 | ERROR    | app.websocket.listener:start:152 - WebSocket error: server rejected WebSocket connection: HTTP 503. Reconnecting in 60s...
2026-03-08 09:33:51.144 | WARNING  | app.strategies.base:__init__:58 - [ma_crossover] Symbol 'BTC/USDT' is inconsistent with exchange 'coinswitchx'. Using 'BTC/INR' instead.
2026-03-08 09:33:51.144 | WARNING  | app.strategies.base:__init__:58 - [rsi_strategy] Symbol 'BTC/USDT' is inconsistent with exchange 'coinswitchx'. Using 'BTC/INR' instead.
2026-03-08 09:33:51.144 | WARNING  | app.strategies.base:__init__:58 - [grid_trading] Symbol 'BTC/USDT' is inconsistent with exchange 'coinswitchx'. Using 'BTC/INR' instead.
2026-03-08 09:33:51.157 | WARNING  | app.strategies.base:__init__:58 - [dca_bot] Symbol 'BTC/USDT' is inconsistent with exchange 'coinswitchx'. Using 'BTC/INR' instead.
2026-03-08 09:33:51.159 | WARNING  | app.strategies.base:__init__:58 - [breakout] Symbol 'BTC/USDT' is inconsistent with exchange 'coinswitchx'. Using 'BTC/INR' instead.
2026-03-08 09:33:51.163 | INFO     | app.strategies.engine:load_strategies:63 - Loaded 5 strategies: ['ma_crossover', 'rsi_strategy', 'grid_trading', 'dca_bot', 'breakout']
2026-03-08 09:33:51.495 | WARNING  | app.strategies.base:log:210 - [ma_crossover] Not enough candles
2026-03-08 09:33:51.679 | WARNING  | app.strategies.base:log:210 - [rsi_strategy] Not enough candles
2026-03-08 09:33:51.826 | INFO     | app.strategies.base:log:210 - [grid_trading] Grid initialized: 11 levels [5693250.60 - 6958417.40]
2026-03-08 09:33:52.050 | INFO     | app.trading.spot:create_order:320 - [SIM] BUY 0.001 BTC/INR @ 5693250.6 on coinswitchx
2026-03-08 09:33:52.185 | INFO     | app.trading.spot:create_order:320 - [SIM] BUY 0.001 BTC/INR @ 5819767.28 on coinswitchx
2026-03-08 09:33:52.328 | INFO     | app.trading.spot:create_order:320 - [SIM] BUY 0.001 BTC/INR @ 5946283.96 on coinswitchx
2026-03-08 09:33:52.461 | INFO     | app.trading.spot:create_order:320 - [SIM] BUY 0.001 BTC/INR @ 6072800.64 on coinswitchx
2026-03-08 09:33:52.595 | INFO     | app.trading.spot:create_order:320 - [SIM] BUY 0.001 BTC/INR @ 6199317.32 on coinswitchx
2026-03-08 09:33:52.727 | INFO     | app.trading.spot:create_order:320 - [SIM] SELL 0.001 BTC/INR @ 6452350.68 on coinswitchx
2026-03-08 09:33:52.858 | INFO     | app.trading.spot:create_order:320 - [SIM] SELL 0.001 BTC/INR @ 6578867.36 on coinswitchx
2026-03-08 09:33:53.017 | INFO     | app.trading.spot:create_order:320 - [SIM] SELL 0.001 BTC/INR @ 6705384.04 on coinswitchx
2026-03-08 09:33:53.162 | INFO     | app.trading.spot:create_order:320 - [SIM] SELL 0.001 BTC/INR @ 6831900.72 on coinswitchx
2026-03-08 09:33:53.313 | INFO     | app.trading.spot:create_order:320 - [SIM] SELL 0.001 BTC/INR @ 6958417.4 on coinswitchx
2026-03-08 09:33:53.316 | INFO     | app.strategies.base:log:210 - [grid_trading] Placed 10 initial grid orders
2026-03-08 09:33:53.608 | INFO     | app.strategies.base:log:210 - [dca_bot] DCA buy #1/10 @ 6325834.0000
2026-03-08 09:33:53.861 | INFO     | app.trading.spot:create_order:320 - [SIM] BUY 0.001 BTC/INR @ 6325834.0 on coinswitchx
2026-03-08 09:34:21.153 | WARNING  | app.strategies.base:__init__:58 - [ma_crossover] Symbol 'BTC/USDT' is inconsistent with exchange 'coinswitchx'. Using 'BTC/INR' instead.
2026-03-08 09:34:21.154 | WARNING  | app.strategies.base:__init__:58 - [rsi_strategy] Symbol 'BTC/USDT' is inconsistent with exchange 'coinswitchx'. Using 'BTC/INR' instead.
2026-03-08 09:34:21.154 | WARNING  | app.strategies.base:__init__:58 - [grid_trading] Symbol 'BTC/USDT' is inconsistent with exchange 'coinswitchx'. Using 'BTC/INR' instead.
2026-03-08 09:34:21.154 | WARNING  | app.strategies.base:__init__:58 - [dca_bot] Symbol 'BTC/USDT' is inconsistent with exchange 'coinswitchx'. Using 'BTC/INR' instead.
2026-03-08 09:34:21.159 | WARNING  | app.strategies.base:__init__:58 - [breakout] Symbol 'BTC/USDT' is inconsistent with exchange 'coinswitchx'. Using 'BTC/INR' instead.
2026-03-08 09:34:21.161 | INFO     | app.strategies.engine:load_strategies:63 - Loaded 5 strategies: ['ma_crossover', 'rsi_strategy', 'grid_trading', 'dca_bot', 'breakout']
2026-03-08 09:34:21.432 | WARNING  | app.strategies.base:log:210 - [ma_crossover] Not enough candles
2026-03-08 09:34:21.620 | WARNING  | app.strategies.base:log:210 - [rsi_strategy] Not enough candles
2026-03-08 09:34:21.753 | INFO     | app.strategies.base:log:210 - [grid_trading] Grid initialized: 11 levels [5693250.60 - 6958417.40]
2026-03-08 09:34:22.276 | INFO     | app.trading.spot:create_order:320 - [SIM] BUY 0.001 BTC/INR @ 5693250.6 on coinswitchx
2026-03-08 09:34:22.417 | INFO     | app.trading.spot:create_order:320 - [SIM] BUY 0.001 BTC/INR @ 5819767.28 on coinswitchx
2026-03-08 09:34:22.568 | INFO     | app.trading.spot:create_order:320 - [SIM] BUY 0.001 BTC/INR @ 5946283.96 on coinswitchx
2026-03-08 09:34:22.685 | INFO     | app.trading.spot:create_order:320 - [SIM] BUY 0.001 BTC/INR @ 6072800.64 on coinswitchx
2026-03-08 09:34:22.833 | INFO     | app.trading.spot:create_order:320 - [SIM] BUY 0.001 BTC/INR @ 6199317.32 on coinswitchx
2026-03-08 09:34:23.112 | INFO     | app.trading.spot:create_order:320 - [SIM] SELL 0.001 BTC/INR @ 6452350.68 on coinswitchx
2026-03-08 09:34:23.386 | INFO     | app.trading.spot:create_order:320 - [SIM] SELL 0.001 BTC/INR @ 6578867.36 on coinswitchx
2026-03-08 09:34:23.600 | INFO     | app.trading.spot:create_order:320 - [SIM] SELL 0.001 BTC/INR @ 6705384.04 on coinswitchx
2026-03-08 09:34:23.771 | INFO     | app.trading.spot:create_order:320 - [SIM] SELL 0.001 BTC/INR @ 6831900.72 on coinswitchx
2026-03-08 09:34:23.907 | INFO     | app.trading.spot:create_order:320 - [SIM] SELL 0.001 BTC/INR @ 6958417.4 on coinswitchx
2026-03-08 09:34:23.907 | INFO     | app.strategies.base:log:210 - [grid_trading] Placed 10 initial grid orders
2026-03-08 09:34:24.212 | INFO     | app.strategies.base:log:210 - [dca_bot] DCA buy #1/10 @ 6330880.0000
2026-03-08 09:34:24.485 | INFO     | app.trading.spot:create_order:320 - [SIM] BUY 0.001 BTC/INR @ 6330880.0 on coinswitchx
2026-03-08 09:34:39.156 | ERROR    | app.websocket.listener:start:152 - WebSocket error: server rejected WebSocket connection: HTTP 503. Reconnecting in 60s...
2026-03-08 09:34:51.151 | WARNING  | app.strategies.base:__init__:58 - [ma_crossover] Symbol 'BTC/USDT' is inconsistent with exchange 'coinswitchx'. Using 'BTC/INR' instead.
2026-03-08 09:34:51.153 | WARNING  | app.strategies.base:__init__:58 - [rsi_strategy] Symbol 'BTC/USDT' is inconsistent with exchange 'coinswitchx'. Using 'BTC/INR' instead.
2026-03-08 09:34:51.153 | WARNING  | app.strategies.base:__init__:58 - [grid_trading] Symbol 'BTC/USDT' is inconsistent with exchange 'coinswitchx'. Using 'BTC/INR' instead.
2026-03-08 09:34:51.155 | WARNING  | app.strategies.base:__init__:58 - [dca_bot] Symbol 'BTC/USDT' is inconsistent with exchange 'coinswitchx'. Using 'BTC/INR' instead.
2026-03-08 09:34:51.156 | WARNING  | app.strategies.base:__init__:58 - [breakout] Symbol 'BTC/USDT' is inconsistent with exchange 'coinswitchx'. Using 'BTC/INR' instead.
2026-03-08 09:34:51.157 | INFO     | app.strategies.engine:load_strategies:63 - Loaded 5 strategies: ['ma_crossover', 'rsi_strategy', 'grid_trading', 'dca_bot', 'breakout']
2026-03-08 09:34:51.502 | WARNING  | app.strategies.base:log:210 - [ma_crossover] Not enough candles
2026-03-08 09:34:51.670 | WARNING  | app.strategies.base:log:210 - [rsi_strategy] Not enough candles
2026-03-08 09:34:51.796 | INFO     | app.strategies.base:log:210 - [grid_trading] Grid initialized: 11 levels [5701710.60 - 6968757.40]
2026-03-08 09:34:52.057 | INFO     | app.trading.spot:create_order:320 - [SIM] BUY 0.001 BTC/INR @ 5701710.6 on coinswitchx
2026-03-08 09:34:52.174 | INFO     | app.trading.spot:create_order:320 - [SIM] BUY 0.001 BTC/INR @ 5828415.28 on coinswitchx
2026-03-08 09:34:52.291 | INFO     | app.trading.spot:create_order:320 - [SIM] BUY 0.001 BTC/INR @ 5955119.96 on coinswitchx
2026-03-08 09:34:52.422 | INFO     | app.trading.spot:create_order:320 - [SIM] BUY 0.001 BTC/INR @ 6081824.64 on coinswitchx
2026-03-08 09:34:52.541 | INFO     | app.trading.spot:create_order:320 - [SIM] BUY 0.001 BTC/INR @ 6208529.32 on coinswitchx
2026-03-08 09:34:52.683 | INFO     | app.trading.spot:create_order:320 - [SIM] SELL 0.001 BTC/INR @ 6461938.68 on coinswitchx
2026-03-08 09:34:52.800 | INFO     | app.trading.spot:create_order:320 - [SIM] SELL 0.001 BTC/INR @ 6588643.36 on coinswitchx
2026-03-08 09:34:52.940 | INFO     | app.trading.spot:create_order:320 - [SIM] SELL 0.001 BTC/INR @ 6715348.04 on coinswitchx
2026-03-08 09:34:53.071 | INFO     | app.trading.spot:create_order:320 - [SIM] SELL 0.001 BTC/INR @ 6842052.72 on coinswitchx
2026-03-08 09:34:53.210 | INFO     | app.trading.spot:create_order:320 - [SIM] SELL 0.001 BTC/INR @ 6968757.4 on coinswitchx
2026-03-08 09:34:53.211 | INFO     | app.strategies.base:log:210 - [grid_trading] Placed 10 initial grid orders
2026-03-08 09:34:53.540 | INFO     | app.strategies.base:log:210 - [dca_bot] DCA buy #1/10 @ 6335234.0000
2026-03-08 09:34:53.760 | INFO     | app.trading.spot:create_order:320 - [SIM] BUY 0.001 BTC/INR @ 6335234.0 on coinswitchx
2026-03-08 09:35:21.160 | WARNING  | app.strategies.base:__init__:58 - [ma_crossover] Symbol 'BTC/USDT' is inconsistent with exchange 'coinswitchx'. Using 'BTC/INR' instead.
2026-03-08 09:35:21.160 | WARNING  | app.strategies.base:__init__:58 - [rsi_strategy] Symbol 'BTC/USDT' is inconsistent with exchange 'coinswitchx'. Using 'BTC/INR' instead.
2026-03-08 09:35:21.161 | WARNING  | app.strategies.base:__init__:58 - [grid_trading] Symbol 'BTC/USDT' is inconsistent with exchange 'coinswitchx'. Using 'BTC/INR' instead.
2026-03-08 09:35:21.162 | WARNING  | app.strategies.base:__init__:58 - [dca_bot] Symbol 'BTC/USDT' is inconsistent with exchange 'coinswitchx'. Using 'BTC/INR' instead.
2026-03-08 09:35:21.162 | WARNING  | app.strategies.base:__init__:58 - [breakout] Symbol 'BTC/USDT' is inconsistent with exchange 'coinswitchx'. Using 'BTC/INR' instead.
2026-03-08 09:35:21.163 | INFO     | app.strategies.engine:load_strategies:63 - Loaded 5 strategies: ['ma_crossover', 'rsi_strategy', 'grid_trading', 'dca_bot', 'breakout']
2026-03-08 09:35:21.476 | WARNING  | app.strategies.base:log:210 - [ma_crossover] Not enough candles
2026-03-08 09:35:21.643 | WARNING  | app.strategies.base:log:210 - [rsi_strategy] Not enough candles
2026-03-08 09:35:21.830 | INFO     | app.strategies.base:log:210 - [grid_trading] Grid initialized: 11 levels [5670000.00 - 6930000.00]
2026-03-08 09:35:22.265 | INFO     | app.trading.spot:create_order:320 - [SIM] BUY 0.001 BTC/INR @ 5670000.0 on coinswitchx
2026-03-08 09:35:22.396 | INFO     | app.trading.spot:create_order:320 - [SIM] BUY 0.001 BTC/INR @ 5796000.0 on coinswitchx
2026-03-08 09:35:22.600 | INFO     | app.trading.spot:create_order:320 - [SIM] BUY 0.001 BTC/INR @ 5922000.0 on coinswitchx
2026-03-08 09:35:22.765 | INFO     | app.trading.spot:create_order:320 - [SIM] BUY 0.001 BTC/INR @ 6048000.0 on coinswitchx
2026-03-08 09:35:22.894 | INFO     | app.trading.spot:create_order:320 - [SIM] BUY 0.001 BTC/INR @ 6174000.0 on coinswitchx
2026-03-08 09:35:23.012 | INFO     | app.trading.spot:create_order:320 - [SIM] SELL 0.001 BTC/INR @ 6426000.0 on coinswitchx
2026-03-08 09:35:23.134 | INFO     | app.trading.spot:create_order:320 - [SIM] SELL 0.001 BTC/INR @ 6552000.0 on coinswitchx
2026-03-08 09:35:23.262 | INFO     | app.trading.spot:create_order:320 - [SIM] SELL 0.001 BTC/INR @ 6678000.0 on coinswitchx
2026-03-08 09:35:23.390 | INFO     | app.trading.spot:create_order:320 - [SIM] SELL 0.001 BTC/INR @ 6804000.0 on coinswitchx
2026-03-08 09:35:23.524 | INFO     | app.trading.spot:create_order:320 - [SIM] SELL 0.001 BTC/INR @ 6930000.0 on coinswitchx
2026-03-08 09:35:23.524 | INFO     | app.strategies.base:log:210 - [grid_trading] Placed 10 initial grid orders
2026-03-08 09:35:23.852 | INFO     | app.strategies.base:log:210 - [dca_bot] DCA buy #1/10 @ 6300000.0000
2026-03-08 09:35:24.072 | INFO     | app.trading.spot:create_order:320 - [SIM] BUY 0.001 BTC/INR @ 6300000.0 on coinswitchx
2026-03-08 09:35:39.851 | ERROR    | app.websocket.listener:start:152 - WebSocket error: server rejected WebSocket connection: HTTP 503. Reconnecting in 60s...
2026-03-08 09:35:51.146 | WARNING  | app.strategies.base:__init__:58 - [ma_crossover] Symbol 'BTC/USDT' is inconsistent with exchange 'coinswitchx'. Using 'BTC/INR' instead.
2026-03-08 09:35:51.147 | WARNING  | app.strategies.base:__init__:58 - [rsi_strategy] Symbol 'BTC/USDT' is inconsistent with exchange 'coinswitchx'. Using 'BTC/INR' instead.
2026-03-08 09:35:51.147 | WARNING  | app.strategies.base:__init__:58 - [grid_trading] Symbol 'BTC/USDT' is inconsistent with exchange 'coinswitchx'. Using 'BTC/INR' instead.
2026-03-08 09:35:51.148 | WARNING  | app.strategies.base:__init__:58 - [dca_bot] Symbol 'BTC/USDT' is inconsistent with exchange 'coinswitchx'. Using 'BTC/INR' instead.
2026-03-08 09:35:51.148 | WARNING  | app.strategies.base:__init__:58 - [breakout] Symbol 'BTC/USDT' is inconsistent with exchange 'coinswitchx'. Using 'BTC/INR' instead.
2026-03-08 09:35:51.148 | INFO     | app.strategies.engine:load_strategies:63 - Loaded 5 strategies: ['ma_crossover', 'rsi_strategy', 'grid_trading', 'dca_bot', 'breakout']
2026-03-08 09:35:52.277 | WARNING  | app.strategies.base:log:210 - [ma_crossover] Not enough candles
2026-03-08 09:35:52.731 | WARNING  | app.strategies.base:log:210 - [rsi_strategy] Not enough candles
2026-03-08 09:35:52.899 | INFO     | app.strategies.base:log:210 - [grid_trading] Grid initialized: 11 levels [5706129.60 - 6974158.40]
2026-03-08 09:35:53.039 | INFO     | app.trading.spot:create_order:320 - [SIM] BUY 0.001 BTC/INR @ 5706129.6 on coinswitchx
2026-03-08 09:35:53.168 | INFO     | app.trading.spot:create_order:320 - [SIM] BUY 0.001 BTC/INR @ 5832932.48 on coinswitchx
2026-03-08 09:35:53.310 | INFO     | app.trading.spot:create_order:320 - [SIM] BUY 0.001 BTC/INR @ 5959735.36 on coinswitchx
2026-03-08 09:35:53.439 | INFO     | app.trading.spot:create_order:320 - [SIM] BUY 0.001 BTC/INR @ 6086538.24 on coinswitchx
2026-03-08 09:35:53.570 | INFO     | app.trading.spot:create_order:320 - [SIM] BUY 0.001 BTC/INR @ 6213341.12 on coinswitchx
2026-03-08 09:35:53.687 | INFO     | app.trading.spot:create_order:320 - [SIM] SELL 0.001 BTC/INR @ 6466946.88 on coinswitchx
2026-03-08 09:35:53.818 | INFO     | app.trading.spot:create_order:320 - [SIM] SELL 0.001 BTC/INR @ 6593749.76 on coinswitchx
2026-03-08 09:35:53.947 | INFO     | app.trading.spot:create_order:320 - [SIM] SELL 0.001 BTC/INR @ 6720552.64 on coinswitchx
2026-03-08 09:35:54.076 | INFO     | app.trading.spot:create_order:320 - [SIM] SELL 0.001 BTC/INR @ 6847355.52 on coinswitchx
2026-03-08 09:35:54.208 | INFO     | app.trading.spot:create_order:320 - [SIM] SELL 0.001 BTC/INR @ 6974158.4 on coinswitchx
2026-03-08 09:35:54.209 | INFO     | app.strategies.base:log:210 - [grid_trading] Placed 10 initial grid orders
2026-03-08 09:35:54.642 | INFO     | app.strategies.base:log:210 - [dca_bot] DCA buy #1/10 @ 6340144.0000
2026-03-08 09:35:54.965 | INFO     | app.trading.spot:create_order:320 - [SIM] BUY 0.001 BTC/INR @ 6340144.0 on coinswitchx
2026-03-08 09:36:21.149 | WARNING  | app.strategies.base:__init__:58 - [ma_crossover] Symbol 'BTC/USDT' is inconsistent with exchange 'coinswitchx'. Using 'BTC/INR' instead.
2026-03-08 09:36:21.151 | WARNING  | app.strategies.base:__init__:58 - [rsi_strategy] Symbol 'BTC/USDT' is inconsistent with exchange 'coinswitchx'. Using 'BTC/INR' instead.
2026-03-08 09:36:21.151 | WARNING  | app.strategies.base:__init__:58 - [grid_trading] Symbol 'BTC/USDT' is inconsistent with exchange 'coinswitchx'. Using 'BTC/INR' instead.
2026-03-08 09:36:21.151 | WARNING  | app.strategies.base:__init__:58 - [dca_bot] Symbol 'BTC/USDT' is inconsistent with exchange 'coinswitchx'. Using 'BTC/INR' instead.
2026-03-08 09:36:21.153 | WARNING  | app.strategies.base:__init__:58 - [breakout] Symbol 'BTC/USDT' is inconsistent with exchange 'coinswitchx'. Using 'BTC/INR' instead.
2026-03-08 09:36:21.153 | INFO     | app.strategies.engine:load_strategies:63 - Loaded 5 strategies: ['ma_crossover', 'rsi_strategy', 'grid_trading', 'dca_bot', 'breakout']
2026-03-08 09:36:21.702 | WARNING  | app.strategies.base:log:210 - [ma_crossover] Not enough candles
2026-03-08 09:36:21.917 | WARNING  | app.strategies.base:log:210 - [rsi_strategy] Not enough candles
2026-03-08 09:36:22.112 | INFO     | app.strategies.base:log:210 - [grid_trading] Grid initialized: 11 levels [5706129.60 - 6974158.40]
2026-03-08 09:36:23.032 | INFO     | app.trading.spot:create_order:320 - [SIM] BUY 0.001 BTC/INR @ 5706129.6 on coinswitchx
2026-03-08 09:36:23.150 | INFO     | app.trading.spot:create_order:320 - [SIM] BUY 0.001 BTC/INR @ 5832932.48 on coinswitchx
2026-03-08 09:36:23.280 | INFO     | app.trading.spot:create_order:320 - [SIM] BUY 0.001 BTC/INR @ 5959735.36 on coinswitchx
2026-03-08 09:36:23.399 | INFO     | app.trading.spot:create_order:320 - [SIM] BUY 0.001 BTC/INR @ 6086538.24 on coinswitchx
2026-03-08 09:36:23.531 | INFO     | app.trading.spot:create_order:320 - [SIM] BUY 0.001 BTC/INR @ 6213341.12 on coinswitchx
2026-03-08 09:36:23.661 | INFO     | app.trading.spot:create_order:320 - [SIM] SELL 0.001 BTC/INR @ 6466946.88 on coinswitchx
2026-03-08 09:36:23.778 | INFO     | app.trading.spot:create_order:320 - [SIM] SELL 0.001 BTC/INR @ 6593749.76 on coinswitchx
2026-03-08 09:36:23.931 | INFO     | app.trading.spot:create_order:320 - [SIM] SELL 0.001 BTC/INR @ 6720552.64 on coinswitchx
2026-03-08 09:36:24.071 | INFO     | app.trading.spot:create_order:320 - [SIM] SELL 0.001 BTC/INR @ 6847355.52 on coinswitchx
2026-03-08 09:36:24.260 | INFO     | app.trading.spot:create_order:320 - [SIM] SELL 0.001 BTC/INR @ 6974158.4 on coinswitchx
2026-03-08 09:36:24.264 | INFO     | app.strategies.base:log:210 - [grid_trading] Placed 10 initial grid orders
2026-03-08 09:36:24.896 | INFO     | app.strategies.base:log:210 - [dca_bot] DCA buy #1/10 @ 6340144.0000
2026-03-08 09:36:25.181 | INFO     | app.trading.spot:create_order:320 - [SIM] BUY 0.001 BTC/INR @ 6340144.0 on coinswitchx
2026-03-08 09:36:40.696 | ERROR    | app.websocket.listener:start:152 - WebSocket error: server rejected WebSocket connection: HTTP 503. Reconnecting in 60s...
2026-03-08 09:36:51.158 | WARNING  | app.strategies.base:__init__:58 - [ma_crossover] Symbol 'BTC/USDT' is inconsistent with exchange 'coinswitchx'. Using 'BTC/INR' instead.
2026-03-08 09:36:51.159 | WARNING  | app.strategies.base:__init__:58 - [rsi_strategy] Symbol 'BTC/USDT' is inconsistent with exchange 'coinswitchx'. Using 'BTC/INR' instead.
2026-03-08 09:36:51.159 | WARNING  | app.strategies.base:__init__:58 - [grid_trading] Symbol 'BTC/USDT' is inconsistent with exchange 'coinswitchx'. Using 'BTC/INR' instead.
2026-03-08 09:36:51.159 | WARNING  | app.strategies.base:__init__:58 - [dca_bot] Symbol 'BTC/USDT' is inconsistent with exchange 'coinswitchx'. Using 'BTC/INR' instead.
2026-03-08 09:36:51.163 | WARNING  | app.strategies.base:__init__:58 - [breakout] Symbol 'BTC/USDT' is inconsistent with exchange 'coinswitchx'. Using 'BTC/INR' instead.
2026-03-08 09:36:51.164 | INFO     | app.strategies.engine:load_strategies:63 - Loaded 5 strategies: ['ma_crossover', 'rsi_strategy', 'grid_trading', 'dca_bot', 'breakout']
2026-03-08 09:36:52.090 | WARNING  | app.strategies.base:log:210 - [ma_crossover] Not enough candles
2026-03-08 09:36:52.300 | WARNING  | app.strategies.base:log:210 - [rsi_strategy] Not enough candles
2026-03-08 09:36:52.480 | INFO     | app.strategies.base:log:210 - [grid_trading] Grid initialized: 11 levels [5710224.60 - 6979163.40]
2026-03-08 09:36:52.692 | INFO     | app.trading.spot:create_order:320 - [SIM] BUY 0.001 BTC/INR @ 5710224.6 on coinswitchx
2026-03-08 09:36:52.834 | INFO     | app.trading.spot:create_order:320 - [SIM] BUY 0.001 BTC/INR @ 5837118.48 on coinswitchx
2026-03-08 09:36:52.963 | INFO     | app.trading.spot:create_order:320 - [SIM] BUY 0.001 BTC/INR @ 5964012.36 on coinswitchx
2026-03-08 09:36:53.114 | INFO     | app.trading.spot:create_order:320 - [SIM] BUY 0.001 BTC/INR @ 6090906.24 on coinswitchx
2026-03-08 09:36:53.268 | INFO     | app.trading.spot:create_order:320 - [SIM] BUY 0.001 BTC/INR @ 6217800.12 on coinswitchx
2026-03-08 09:36:53.404 | INFO     | app.trading.spot:create_order:320 - [SIM] SELL 0.001 BTC/INR @ 6471587.88 on coinswitchx
2026-03-08 09:36:53.549 | INFO     | app.trading.spot:create_order:320 - [SIM] SELL 0.001 BTC/INR @ 6598481.76 on coinswitchx
2026-03-08 09:36:53.687 | INFO     | app.trading.spot:create_order:320 - [SIM] SELL 0.001 BTC/INR @ 6725375.64 on coinswitchx
2026-03-08 09:36:53.819 | INFO     | app.trading.spot:create_order:320 - [SIM] SELL 0.001 BTC/INR @ 6852269.52 on coinswitchx
2026-03-08 09:36:53.951 | INFO     | app.trading.spot:create_order:320 - [SIM] SELL 0.001 BTC/INR @ 6979163.4 on coinswitchx
2026-03-08 09:36:53.953 | INFO     | app.strategies.base:log:210 - [grid_trading] Placed 10 initial grid orders
2026-03-08 09:36:54.333 | INFO     | app.strategies.base:log:210 - [dca_bot] DCA buy #1/10 @ 6344694.0000
2026-03-08 09:36:54.566 | INFO     | app.trading.spot:create_order:320 - [SIM] BUY 0.001 BTC/INR @ 6344694.0 on coinswitchx
2026-03-08 09:37:21.153 | WARNING  | app.strategies.base:__init__:58 - [ma_crossover] Symbol 'BTC/USDT' is inconsistent with exchange 'coinswitchx'. Using 'BTC/INR' instead.
2026-03-08 09:37:21.153 | WARNING  | app.strategies.base:__init__:58 - [rsi_strategy] Symbol 'BTC/USDT' is inconsistent with exchange 'coinswitchx'. Using 'BTC/INR' instead.
2026-03-08 09:37:21.153 | WARNING  | app.strategies.base:__init__:58 - [grid_trading] Symbol 'BTC/USDT' is inconsistent with exchange 'coinswitchx'. Using 'BTC/INR' instead.
2026-03-08 09:37:21.153 | WARNING  | app.strategies.base:__init__:58 - [dca_bot] Symbol 'BTC/USDT' is inconsistent with exchange 'coinswitchx'. Using 'BTC/INR' instead.
2026-03-08 09:37:21.153 | WARNING  | app.strategies.base:__init__:58 - [breakout] Symbol 'BTC/USDT' is inconsistent with exchange 'coinswitchx'. Using 'BTC/INR' instead.
2026-03-08 09:37:21.153 | INFO     | app.strategies.engine:load_strategies:63 - Loaded 5 strategies: ['ma_crossover', 'rsi_strategy', 'grid_trading', 'dca_bot', 'breakout']
2026-03-08 09:37:21.557 | WARNING  | app.strategies.base:log:210 - [ma_crossover] Not enough candles
2026-03-08 09:37:21.753 | WARNING  | app.strategies.base:log:210 - [rsi_strategy] Not enough candles
2026-03-08 09:37:21.936 | INFO     | app.strategies.base:log:210 - [grid_trading] Grid initialized: 11 levels [5710224.60 - 6979163.40]
2026-03-08 09:37:22.402 | INFO     | app.trading.spot:create_order:320 - [SIM] BUY 0.001 BTC/INR @ 5710224.6 on coinswitchx
2026-03-08 09:37:22.562 | INFO     | app.trading.spot:create_order:320 - [SIM] BUY 0.001 BTC/INR @ 5837118.48 on coinswitchx
2026-03-08 09:37:22.690 | INFO     | app.trading.spot:create_order:320 - [SIM] BUY 0.001 BTC/INR @ 5964012.36 on coinswitchx
2026-03-08 09:37:22.823 | INFO     | app.trading.spot:create_order:320 - [SIM] BUY 0.001 BTC/INR @ 6090906.24 on coinswitchx
2026-03-08 09:37:22.975 | INFO     | app.trading.spot:create_order:320 - [SIM] BUY 0.001 BTC/INR @ 6217800.12 on coinswitchx
2026-03-08 09:37:23.124 | INFO     | app.trading.spot:create_order:320 - [SIM] SELL 0.001 BTC/INR @ 6471587.88 on coinswitchx
2026-03-08 09:37:23.258 | INFO     | app.trading.spot:create_order:320 - [SIM] SELL 0.001 BTC/INR @ 6598481.76 on coinswitchx
2026-03-08 09:37:23.385 | INFO     | app.trading.spot:create_order:320 - [SIM] SELL 0.001 BTC/INR @ 6725375.64 on coinswitchx
2026-03-08 09:37:23.537 | INFO     | app.trading.spot:create_order:320 - [SIM] SELL 0.001 BTC/INR @ 6852269.52 on coinswitchx
2026-03-08 09:37:23.670 | INFO     | app.trading.spot:create_order:320 - [SIM] SELL 0.001 BTC/INR @ 6979163.4 on coinswitchx
2026-03-08 09:37:23.672 | INFO     | app.strategies.base:log:210 - [grid_trading] Placed 10 initial grid orders
2026-03-08 09:37:24.081 | INFO     | app.strategies.base:log:210 - [dca_bot] DCA buy #1/10 @ 6344694.0000
2026-03-08 09:37:24.387 | INFO     | app.trading.spot:create_order:320 - [SIM] BUY 0.001 BTC/INR @ 6344694.0 on coinswitchx
2026-03-08 09:37:41.370 | ERROR    | app.websocket.listener:start:152 - WebSocket error: server rejected WebSocket connection: HTTP 503. Reconnecting in 60s...
2026-03-08 09:37:51.148 | WARNING  | app.strategies.base:__init__:58 - [ma_crossover] Symbol 'BTC/USDT' is inconsistent with exchange 'coinswitchx'. Using 'BTC/INR' instead.
2026-03-08 09:37:51.148 | WARNING  | app.strategies.base:__init__:58 - [rsi_strategy] Symbol 'BTC/USDT' is inconsistent with exchange 'coinswitchx'. Using 'BTC/INR' instead.
2026-03-08 09:37:51.148 | WARNING  | app.strategies.base:__init__:58 - [grid_trading] Symbol 'BTC/USDT' is inconsistent with exchange 'coinswitchx'. Using 'BTC/INR' instead.
2026-03-08 09:37:51.148 | WARNING  | app.strategies.base:__init__:58 - [dca_bot] Symbol 'BTC/USDT' is inconsistent with exchange 'coinswitchx'. Using 'BTC/INR' instead.
2026-03-08 09:37:51.148 | WARNING  | app.strategies.base:__init__:58 - [breakout] Symbol 'BTC/USDT' is inconsistent with exchange 'coinswitchx'. Using 'BTC/INR' instead.
2026-03-08 09:37:51.148 | INFO     | app.strategies.engine:load_strategies:63 - Loaded 5 strategies: ['ma_crossover', 'rsi_strategy', 'grid_trading', 'dca_bot', 'breakout']
2026-03-08 09:37:51.499 | WARNING  | app.strategies.base:log:210 - [ma_crossover] Not enough candles
2026-03-08 09:37:51.706 | WARNING  | app.strategies.base:log:210 - [rsi_strategy] Not enough candles
2026-03-08 09:37:51.885 | INFO     | app.strategies.base:log:210 - [grid_trading] Grid initialized: 11 levels [5710224.60 - 6979163.40]
2026-03-08 09:37:52.001 | INFO     | app.trading.spot:create_order:320 - [SIM] BUY 0.001 BTC/INR @ 5710224.6 on coinswitchx
2026-03-08 09:37:52.130 | INFO     | app.trading.spot:create_order:320 - [SIM] BUY 0.001 BTC/INR @ 5837118.48 on coinswitchx
2026-03-08 09:37:52.238 | INFO     | app.trading.spot:create_order:320 - [SIM] BUY 0.001 BTC/INR @ 5964012.36 on coinswitchx
2026-03-08 09:37:52.356 | INFO     | app.trading.spot:create_order:320 - [SIM] BUY 0.001 BTC/INR @ 6090906.24 on coinswitchx
2026-03-08 09:37:52.499 | INFO     | app.trading.spot:create_order:320 - [SIM] BUY 0.001 BTC/INR @ 6217800.12 on coinswitchx
2026-03-08 09:37:52.628 | INFO     | app.trading.spot:create_order:320 - [SIM] SELL 0.001 BTC/INR @ 6471587.88 on coinswitchx
2026-03-08 09:37:52.739 | INFO     | app.trading.spot:create_order:320 - [SIM] SELL 0.001 BTC/INR @ 6598481.76 on coinswitchx
2026-03-08 09:37:52.873 | INFO     | app.trading.spot:create_order:320 - [SIM] SELL 0.001 BTC/INR @ 6725375.64 on coinswitchx
2026-03-08 09:37:53.003 | INFO     | app.trading.spot:create_order:320 - [SIM] SELL 0.001 BTC/INR @ 6852269.52 on coinswitchx
2026-03-08 09:37:53.131 | INFO     | app.trading.spot:create_order:320 - [SIM] SELL 0.001 BTC/INR @ 6979163.4 on coinswitchx
2026-03-08 09:37:53.133 | INFO     | app.strategies.base:log:210 - [grid_trading] Placed 10 initial grid orders
2026-03-08 09:37:53.487 | INFO     | app.strategies.base:log:210 - [dca_bot] DCA buy #1/10 @ 6344694.0000
2026-03-08 09:37:53.692 | INFO     | app.trading.spot:create_order:320 - [SIM] BUY 0.001 BTC/INR @ 6344694.0 on coinswitchx
2026-03-08 09:38:21.150 | WARNING  | app.strategies.base:__init__:58 - [ma_crossover] Symbol 'BTC/USDT' is inconsistent with exchange 'coinswitchx'. Using 'BTC/INR' instead.
2026-03-08 09:38:21.152 | WARNING  | app.strategies.base:__init__:58 - [rsi_strategy] Symbol 'BTC/USDT' is inconsistent with exchange 'coinswitchx'. Using 'BTC/INR' instead.
2026-03-08 09:38:21.152 | WARNING  | app.strategies.base:__init__:58 - [grid_trading] Symbol 'BTC/USDT' is inconsistent with exchange 'coinswitchx'. Using 'BTC/INR' instead.
2026-03-08 09:38:21.152 | WARNING  | app.strategies.base:__init__:58 - [dca_bot] Symbol 'BTC/USDT' is inconsistent with exchange 'coinswitchx'. Using 'BTC/INR' instead.
2026-03-08 09:38:21.152 | WARNING  | app.strategies.base:__init__:58 - [breakout] Symbol 'BTC/USDT' is inconsistent with exchange 'coinswitchx'. Using 'BTC/INR' instead.
2026-03-08 09:38:21.152 | INFO     | app.strategies.engine:load_strategies:63 - Loaded 5 strategies: ['ma_crossover', 'rsi_strategy', 'grid_trading', 'dca_bot', 'breakout']
2026-03-08 09:38:21.442 | WARNING  | app.strategies.base:log:210 - [ma_crossover] Not enough candles
2026-03-08 09:38:21.612 | WARNING  | app.strategies.base:log:210 - [rsi_strategy] Not enough candles
2026-03-08 09:38:21.731 | INFO     | app.strategies.base:log:210 - [grid_trading] Grid initialized: 11 levels [5710224.60 - 6979163.40]
2026-03-08 09:38:22.352 | INFO     | app.trading.spot:create_order:320 - [SIM] BUY 0.001 BTC/INR @ 5710224.6 on coinswitchx
2026-03-08 09:38:22.471 | INFO     | app.trading.spot:create_order:320 - [SIM] BUY 0.001 BTC/INR @ 5837118.48 on coinswitchx
2026-03-08 09:38:22.626 | INFO     | app.trading.spot:create_order:320 - [SIM] BUY 0.001 BTC/INR @ 5964012.36 on coinswitchx
2026-03-08 09:38:22.759 | INFO     | app.trading.spot:create_order:320 - [SIM] BUY 0.001 BTC/INR @ 6090906.24 on coinswitchx
2026-03-08 09:38:22.880 | INFO     | app.trading.spot:create_order:320 - [SIM] BUY 0.001 BTC/INR @ 6217800.12 on coinswitchx
2026-03-08 09:38:23.000 | INFO     | app.trading.spot:create_order:320 - [SIM] SELL 0.001 BTC/INR @ 6471587.88 on coinswitchx
2026-03-08 09:38:23.130 | INFO     | app.trading.spot:create_order:320 - [SIM] SELL 0.001 BTC/INR @ 6598481.76 on coinswitchx
2026-03-08 09:38:23.258 | INFO     | app.trading.spot:create_order:320 - [SIM] SELL 0.001 BTC/INR @ 6725375.64 on coinswitchx
2026-03-08 09:38:23.378 | INFO     | app.trading.spot:create_order:320 - [SIM] SELL 0.001 BTC/INR @ 6852269.52 on coinswitchx
2026-03-08 09:38:23.492 | INFO     | app.trading.spot:create_order:320 - [SIM] SELL 0.001 BTC/INR @ 6979163.4 on coinswitchx
2026-03-08 09:38:23.492 | INFO     | app.strategies.base:log:210 - [grid_trading] Placed 10 initial grid orders
2026-03-08 09:38:23.812 | INFO     | app.strategies.base:log:210 - [dca_bot] DCA buy #1/10 @ 6344694.0000
2026-03-08 09:38:24.027 | INFO     | app.trading.spot:create_order:320 - [SIM] BUY 0.001 BTC/INR @ 6344694.0 on coinswitchx
2026-03-08 09:38:42.031 | ERROR    | app.websocket.listener:start:152 - WebSocket error: server rejected WebSocket connection: HTTP 503. Reconnecting in 60s...
2026-03-08 09:38:51.148 | WARNING  | app.strategies.base:__init__:58 - [ma_crossover] Symbol 'BTC/USDT' is inconsistent with exchange 'coinswitchx'. Using 'BTC/INR' instead.
2026-03-08 09:38:51.148 | WARNING  | app.strategies.base:__init__:58 - [rsi_strategy] Symbol 'BTC/USDT' is inconsistent with exchange 'coinswitchx'. Using 'BTC/INR' instead.
2026-03-08 09:38:51.148 | WARNING  | app.strategies.base:__init__:58 - [grid_trading] Symbol 'BTC/USDT' is inconsistent with exchange 'coinswitchx'. Using 'BTC/INR' instead.
2026-03-08 09:38:51.148 | WARNING  | app.strategies.base:__init__:58 - [dca_bot] Symbol 'BTC/USDT' is inconsistent with exchange 'coinswitchx'. Using 'BTC/INR' instead.
2026-03-08 09:38:51.148 | WARNING  | app.strategies.base:__init__:58 - [breakout] Symbol 'BTC/USDT' is inconsistent with exchange 'coinswitchx'. Using 'BTC/INR' instead.
2026-03-08 09:38:51.148 | INFO     | app.strategies.engine:load_strategies:63 - Loaded 5 strategies: ['ma_crossover', 'rsi_strategy', 'grid_trading', 'dca_bot', 'breakout']
2026-03-08 09:38:51.448 | WARNING  | app.strategies.base:log:210 - [ma_crossover] Not enough candles
2026-03-08 09:38:51.614 | WARNING  | app.strategies.base:log:210 - [rsi_strategy] Not enough candles
2026-03-08 09:38:51.738 | INFO     | app.strategies.base:log:210 - [grid_trading] Grid initialized: 11 levels [5710224.60 - 6979163.40]
2026-03-08 09:38:51.869 | INFO     | app.trading.spot:create_order:320 - [SIM] BUY 0.001 BTC/INR @ 5710224.6 on coinswitchx
2026-03-08 09:38:52.007 | INFO     | app.trading.spot:create_order:320 - [SIM] BUY 0.001 BTC/INR @ 5837118.48 on coinswitchx
2026-03-08 09:38:52.159 | INFO     | app.trading.spot:create_order:320 - [SIM] BUY 0.001 BTC/INR @ 5964012.36 on coinswitchx
2026-03-08 09:38:52.301 | INFO     | app.trading.spot:create_order:320 - [SIM] BUY 0.001 BTC/INR @ 6090906.24 on coinswitchx
2026-03-08 09:38:52.434 | INFO     | app.trading.spot:create_order:320 - [SIM] BUY 0.001 BTC/INR @ 6217800.12 on coinswitchx
2026-03-08 09:38:52.569 | INFO     | app.trading.spot:create_order:320 - [SIM] SELL 0.001 BTC/INR @ 6471587.88 on coinswitchx
2026-03-08 09:38:52.701 | INFO     | app.trading.spot:create_order:320 - [SIM] SELL 0.001 BTC/INR @ 6598481.76 on coinswitchx
2026-03-08 09:38:52.831 | INFO     | app.trading.spot:create_order:320 - [SIM] SELL 0.001 BTC/INR @ 6725375.64 on coinswitchx
2026-03-08 09:38:52.993 | INFO     | app.trading.spot:create_order:320 - [SIM] SELL 0.001 BTC/INR @ 6852269.52 on coinswitchx
2026-03-08 09:38:53.113 | INFO     | app.trading.spot:create_order:320 - [SIM] SELL 0.001 BTC/INR @ 6979163.4 on coinswitchx
2026-03-08 09:38:53.113 | INFO     | app.strategies.base:log:210 - [grid_trading] Placed 10 initial grid orders
2026-03-08 09:38:53.412 | INFO     | app.strategies.base:log:210 - [dca_bot] DCA buy #1/10 @ 6344694.0000
2026-03-08 09:38:53.611 | INFO     | app.trading.spot:create_order:320 - [SIM] BUY 0.001 BTC/INR @ 6344694.0 on coinswitchx
2026-03-08 09:39:21.153 | WARNING  | app.strategies.base:__init__:58 - [ma_crossover] Symbol 'BTC/USDT' is inconsistent with exchange 'coinswitchx'. Using 'BTC/INR' instead.
2026-03-08 09:39:21.153 | WARNING  | app.strategies.base:__init__:58 - [rsi_strategy] Symbol 'BTC/USDT' is inconsistent with exchange 'coinswitchx'. Using 'BTC/INR' instead.
2026-03-08 09:39:21.153 | WARNING  | app.strategies.base:__init__:58 - [grid_trading] Symbol 'BTC/USDT' is inconsistent with exchange 'coinswitchx'. Using 'BTC/INR' instead.
2026-03-08 09:39:21.153 | WARNING  | app.strategies.base:__init__:58 - [dca_bot] Symbol 'BTC/USDT' is inconsistent with exchange 'coinswitchx'. Using 'BTC/INR' instead.
2026-03-08 09:39:21.153 | WARNING  | app.strategies.base:__init__:58 - [breakout] Symbol 'BTC/USDT' is inconsistent with exchange 'coinswitchx'. Using 'BTC/INR' instead.
2026-03-08 09:39:21.153 | INFO     | app.strategies.engine:load_strategies:63 - Loaded 5 strategies: ['ma_crossover', 'rsi_strategy', 'grid_trading', 'dca_bot', 'breakout']
2026-03-08 09:39:21.552 | WARNING  | app.strategies.base:log:210 - [ma_crossover] Not enough candles
2026-03-08 09:39:21.703 | WARNING  | app.strategies.base:log:210 - [rsi_strategy] Not enough candles
2026-03-08 09:39:21.843 | INFO     | app.strategies.base:log:210 - [grid_trading] Grid initialized: 11 levels [5670000.00 - 6930000.00]
2026-03-08 09:39:22.740 | INFO     | app.trading.spot:create_order:320 - [SIM] BUY 0.001 BTC/INR @ 5670000.0 on coinswitchx
2026-03-08 09:39:22.870 | INFO     | app.trading.spot:create_order:320 - [SIM] BUY 0.001 BTC/INR @ 5796000.0 on coinswitchx
2026-03-08 09:39:23.002 | INFO     | app.trading.spot:create_order:320 - [SIM] BUY 0.001 BTC/INR @ 5922000.0 on coinswitchx
2026-03-08 09:39:23.160 | INFO     | app.trading.spot:create_order:320 - [SIM] BUY 0.001 BTC/INR @ 6048000.0 on coinswitchx
2026-03-08 09:39:23.290 | INFO     | app.trading.spot:create_order:320 - [SIM] BUY 0.001 BTC/INR @ 6174000.0 on coinswitchx
2026-03-08 09:39:23.422 | INFO     | app.trading.spot:create_order:320 - [SIM] SELL 0.001 BTC/INR @ 6426000.0 on coinswitchx
2026-03-08 09:39:23.551 | INFO     | app.trading.spot:create_order:320 - [SIM] SELL 0.001 BTC/INR @ 6552000.0 on coinswitchx
2026-03-08 09:39:23.681 | INFO     | app.trading.spot:create_order:320 - [SIM] SELL 0.001 BTC/INR @ 6678000.0 on coinswitchx
2026-03-08 09:39:23.821 | INFO     | app.trading.spot:create_order:320 - [SIM] SELL 0.001 BTC/INR @ 6804000.0 on coinswitchx
2026-03-08 09:39:23.961 | INFO     | app.trading.spot:create_order:320 - [SIM] SELL 0.001 BTC/INR @ 6930000.0 on coinswitchx
2026-03-08 09:39:23.962 | INFO     | app.strategies.base:log:210 - [grid_trading] Placed 10 initial grid orders
2026-03-08 09:39:24.219 | INFO     | app.strategies.base:log:210 - [dca_bot] DCA buy #1/10 @ 6300000.0000
2026-03-08 09:39:24.414 | INFO     | app.trading.spot:create_order:320 - [SIM] BUY 0.001 BTC/INR @ 6300000.0 on coinswitchx
2026-03-08 09:39:42.482 | ERROR    | app.websocket.listener:start:152 - WebSocket error: server rejected WebSocket connection: HTTP 503. Reconnecting in 60s...
2026-03-08 09:39:51.161 | WARNING  | app.strategies.base:__init__:58 - [ma_crossover] Symbol 'BTC/USDT' is inconsistent with exchange 'coinswitchx'. Using 'BTC/INR' instead.
2026-03-08 09:39:51.161 | WARNING  | app.strategies.base:__init__:58 - [rsi_strategy] Symbol 'BTC/USDT' is inconsistent with exchange 'coinswitchx'. Using 'BTC/INR' instead.
2026-03-08 09:39:51.161 | WARNING  | app.strategies.base:__init__:58 - [grid_trading] Symbol 'BTC/USDT' is inconsistent with exchange 'coinswitchx'. Using 'BTC/INR' instead.
2026-03-08 09:39:51.161 | WARNING  | app.strategies.base:__init__:58 - [dca_bot] Symbol 'BTC/USDT' is inconsistent with exchange 'coinswitchx'. Using 'BTC/INR' instead.
2026-03-08 09:39:51.161 | WARNING  | app.strategies.base:__init__:58 - [breakout] Symbol 'BTC/USDT' is inconsistent with exchange 'coinswitchx'. Using 'BTC/INR' instead.
2026-03-08 09:39:51.170 | INFO     | app.strategies.engine:load_strategies:63 - Loaded 5 strategies: ['ma_crossover', 'rsi_strategy', 'grid_trading', 'dca_bot', 'breakout']
2026-03-08 09:39:51.536 | WARNING  | app.strategies.base:log:210 - [ma_crossover] Not enough candles
2026-03-08 09:39:51.744 | WARNING  | app.strategies.base:log:210 - [rsi_strategy] Not enough candles
2026-03-08 09:39:51.914 | INFO     | app.strategies.base:log:210 - [grid_trading] Grid initialized: 11 levels [5712850.80 - 6982373.20]
2026-03-08 09:39:52.140 | INFO     | app.trading.spot:create_order:320 - [SIM] BUY 0.001 BTC/INR @ 5712850.8 on coinswitchx
2026-03-08 09:39:52.269 | INFO     | app.trading.spot:create_order:320 - [SIM] BUY 0.001 BTC/INR @ 5839803.04 on coinswitchx
2026-03-08 09:39:52.412 | INFO     | app.trading.spot:create_order:320 - [SIM] BUY 0.001 BTC/INR @ 5966755.28 on coinswitchx
2026-03-08 09:39:52.550 | INFO     | app.trading.spot:create_order:320 - [SIM] BUY 0.001 BTC/INR @ 6093707.52 on coinswitchx
2026-03-08 09:39:52.690 | INFO     | app.trading.spot:create_order:320 - [SIM] BUY 0.001 BTC/INR @ 6220659.76 on coinswitchx
2026-03-08 09:39:52.830 | INFO     | app.trading.spot:create_order:320 - [SIM] SELL 0.001 BTC/INR @ 6474564.24 on coinswitchx
2026-03-08 09:39:52.985 | INFO     | app.trading.spot:create_order:320 - [SIM] SELL 0.001 BTC/INR @ 6601516.48 on coinswitchx
2026-03-08 09:39:53.103 | INFO     | app.trading.spot:create_order:320 - [SIM] SELL 0.001 BTC/INR @ 6728468.72 on coinswitchx
2026-03-08 09:39:53.251 | INFO     | app.trading.spot:create_order:320 - [SIM] SELL 0.001 BTC/INR @ 6855420.96 on coinswitchx
2026-03-08 09:39:53.393 | INFO     | app.trading.spot:create_order:320 - [SIM] SELL 0.001 BTC/INR @ 6982373.2 on coinswitchx
2026-03-08 09:39:53.393 | INFO     | app.strategies.base:log:210 - [grid_trading] Placed 10 initial grid orders
2026-03-08 09:39:53.742 | INFO     | app.strategies.base:log:210 - [dca_bot] DCA buy #1/10 @ 6347612.0000
2026-03-08 09:39:53.990 | INFO     | app.trading.spot:create_order:320 - [SIM] BUY 0.001 BTC/INR @ 6347612.0 on coinswitchx
2026-03-08 09:40:21.146 | WARNING  | app.strategies.base:__init__:58 - [ma_crossover] Symbol 'BTC/USDT' is inconsistent with exchange 'coinswitchx'. Using 'BTC/INR' instead.
2026-03-08 09:40:21.146 | WARNING  | app.strategies.base:__init__:58 - [rsi_strategy] Symbol 'BTC/USDT' is inconsistent with exchange 'coinswitchx'. Using 'BTC/INR' instead.
2026-03-08 09:40:21.146 | WARNING  | app.strategies.base:__init__:58 - [grid_trading] Symbol 'BTC/USDT' is inconsistent with exchange 'coinswitchx'. Using 'BTC/INR' instead.
2026-03-08 09:40:21.146 | WARNING  | app.strategies.base:__init__:58 - [dca_bot] Symbol 'BTC/USDT' is inconsistent with exchange 'coinswitchx'. Using 'BTC/INR' instead.
2026-03-08 09:40:21.146 | WARNING  | app.strategies.base:__init__:58 - [breakout] Symbol 'BTC/USDT' is inconsistent with exchange 'coinswitchx'. Using 'BTC/INR' instead.
2026-03-08 09:40:21.146 | INFO     | app.strategies.engine:load_strategies:63 - Loaded 5 strategies: ['ma_crossover', 'rsi_strategy', 'grid_trading', 'dca_bot', 'breakout']
2026-03-08 09:40:21.659 | WARNING  | app.strategies.base:log:210 - [ma_crossover] Not enough candles
2026-03-08 09:40:21.861 | WARNING  | app.strategies.base:log:210 - [rsi_strategy] Not enough candles
2026-03-08 09:40:22.033 | INFO     | app.strategies.base:log:210 - [grid_trading] Grid initialized: 11 levels [5712850.80 - 6982373.20]
2026-03-08 09:40:22.690 | INFO     | app.trading.spot:create_order:320 - [SIM] BUY 0.001 BTC/INR @ 5712850.8 on coinswitchx
2026-03-08 09:40:22.821 | INFO     | app.trading.spot:create_order:320 - [SIM] BUY 0.001 BTC/INR @ 5839803.04 on coinswitchx
2026-03-08 09:40:22.963 | INFO     | app.trading.spot:create_order:320 - [SIM] BUY 0.001 BTC/INR @ 5966755.28 on coinswitchx
2026-03-08 09:40:23.102 | INFO     | app.trading.spot:create_order:320 - [SIM] BUY 0.001 BTC/INR @ 6093707.52 on coinswitchx
2026-03-08 09:40:23.250 | INFO     | app.trading.spot:create_order:320 - [SIM] BUY 0.001 BTC/INR @ 6220659.76 on coinswitchx
2026-03-08 09:40:23.394 | INFO     | app.trading.spot:create_order:320 - [SIM] SELL 0.001 BTC/INR @ 6474564.24 on coinswitchx
2026-03-08 09:40:23.534 | INFO     | app.trading.spot:create_order:320 - [SIM] SELL 0.001 BTC/INR @ 6601516.48 on coinswitchx
2026-03-08 09:40:23.674 | INFO     | app.trading.spot:create_order:320 - [SIM] SELL 0.001 BTC/INR @ 6728468.72 on coinswitchx
2026-03-08 09:40:23.803 | INFO     | app.trading.spot:create_order:320 - [SIM] SELL 0.001 BTC/INR @ 6855420.96 on coinswitchx
2026-03-08 09:40:23.949 | INFO     | app.trading.spot:create_order:320 - [SIM] SELL 0.001 BTC/INR @ 6982373.2 on coinswitchx
2026-03-08 09:40:23.960 | INFO     | app.strategies.base:log:210 - [grid_trading] Placed 10 initial grid orders
2026-03-08 09:40:24.355 | INFO     | app.strategies.base:log:210 - [dca_bot] DCA buy #1/10 @ 6347612.0000
2026-03-08 09:40:24.612 | INFO     | app.trading.spot:create_order:320 - [SIM] BUY 0.001 BTC/INR @ 6347612.0 on coinswitchx
2026-03-08 09:40:42.922 | ERROR    | app.websocket.listener:start:152 - WebSocket error: server rejected WebSocket connection: HTTP 503. Reconnecting in 60s...
2026-03-08 09:40:51.150 | WARNING  | app.strategies.base:__init__:58 - [ma_crossover] Symbol 'BTC/USDT' is inconsistent with exchange 'coinswitchx'. Using 'BTC/INR' instead.
2026-03-08 09:40:51.150 | WARNING  | app.strategies.base:__init__:58 - [rsi_strategy] Symbol 'BTC/USDT' is inconsistent with exchange 'coinswitchx'. Using 'BTC/INR' instead.
2026-03-08 09:40:51.150 | WARNING  | app.strategies.base:__init__:58 - [grid_trading] Symbol 'BTC/USDT' is inconsistent with exchange 'coinswitchx'. Using 'BTC/INR' instead.
2026-03-08 09:40:51.150 | WARNING  | app.strategies.base:__init__:58 - [dca_bot] Symbol 'BTC/USDT' is inconsistent with exchange 'coinswitchx'. Using 'BTC/INR' instead.
2026-03-08 09:40:51.161 | WARNING  | app.strategies.base:__init__:58 - [breakout] Symbol 'BTC/USDT' is inconsistent with exchange 'coinswitchx'. Using 'BTC/INR' instead.
2026-03-08 09:40:51.161 | INFO     | app.strategies.engine:load_strategies:63 - Loaded 5 strategies: ['ma_crossover', 'rsi_strategy', 'grid_trading', 'dca_bot', 'breakout']
2026-03-08 09:40:51.564 | WARNING  | app.strategies.base:log:210 - [ma_crossover] Not enough candles
2026-03-08 09:40:51.765 | WARNING  | app.strategies.base:log:210 - [rsi_strategy] Not enough candles
2026-03-08 09:40:51.947 | INFO     | app.strategies.base:log:210 - [grid_trading] Grid initialized: 11 levels [5670000.00 - 6930000.00]
2026-03-08 09:40:52.142 | INFO     | app.trading.spot:create_order:320 - [SIM] BUY 0.001 BTC/INR @ 5670000.0 on coinswitchx
2026-03-08 09:40:52.272 | INFO     | app.trading.spot:create_order:320 - [SIM] BUY 0.001 BTC/INR @ 5796000.0 on coinswitchx
2026-03-08 09:40:52.402 | INFO     | app.trading.spot:create_order:320 - [SIM] BUY 0.001 BTC/INR @ 5922000.0 on coinswitchx
2026-03-08 09:40:52.534 | INFO     | app.trading.spot:create_order:320 - [SIM] BUY 0.001 BTC/INR @ 6048000.0 on coinswitchx
2026-03-08 09:40:52.684 | INFO     | app.trading.spot:create_order:320 - [SIM] BUY 0.001 BTC/INR @ 6174000.0 on coinswitchx
2026-03-08 09:40:52.813 | INFO     | app.trading.spot:create_order:320 - [SIM] SELL 0.001 BTC/INR @ 6426000.0 on coinswitchx
2026-03-08 09:40:52.954 | INFO     | app.trading.spot:create_order:320 - [SIM] SELL 0.001 BTC/INR @ 6552000.0 on coinswitchx
2026-03-08 09:40:53.100 | INFO     | app.trading.spot:create_order:320 - [SIM] SELL 0.001 BTC/INR @ 6678000.0 on coinswitchx
2026-03-08 09:40:53.246 | INFO     | app.trading.spot:create_order:320 - [SIM] SELL 0.001 BTC/INR @ 6804000.0 on coinswitchx
2026-03-08 09:40:53.376 | INFO     | app.trading.spot:create_order:320 - [SIM] SELL 0.001 BTC/INR @ 6930000.0 on coinswitchx
2026-03-08 09:40:53.379 | INFO     | app.strategies.base:log:210 - [grid_trading] Placed 10 initial grid orders
2026-03-08 09:40:53.795 | INFO     | app.strategies.base:log:210 - [dca_bot] DCA buy #1/10 @ 6346520.0000
2026-03-08 09:40:54.059 | INFO     | app.trading.spot:create_order:320 - [SIM] BUY 0.001 BTC/INR @ 6346520.0 on coinswitchx
2026-03-08 09:41:21.151 | WARNING  | app.strategies.base:__init__:58 - [ma_crossover] Symbol 'BTC/USDT' is inconsistent with exchange 'coinswitchx'. Using 'BTC/INR' instead.
2026-03-08 09:41:21.151 | WARNING  | app.strategies.base:__init__:58 - [rsi_strategy] Symbol 'BTC/USDT' is inconsistent with exchange 'coinswitchx'. Using 'BTC/INR' instead.
2026-03-08 09:41:21.151 | WARNING  | app.strategies.base:__init__:58 - [grid_trading] Symbol 'BTC/USDT' is inconsistent with exchange 'coinswitchx'. Using 'BTC/INR' instead.
2026-03-08 09:41:21.151 | WARNING  | app.strategies.base:__init__:58 - [dca_bot] Symbol 'BTC/USDT' is inconsistent with exchange 'coinswitchx'. Using 'BTC/INR' instead.
2026-03-08 09:41:21.151 | WARNING  | app.strategies.base:__init__:58 - [breakout] Symbol 'BTC/USDT' is inconsistent with exchange 'coinswitchx'. Using 'BTC/INR' instead.
2026-03-08 09:41:21.151 | INFO     | app.strategies.engine:load_strategies:63 - Loaded 5 strategies: ['ma_crossover', 'rsi_strategy', 'grid_trading', 'dca_bot', 'breakout']
2026-03-08 09:41:21.538 | WARNING  | app.strategies.base:log:210 - [ma_crossover] Not enough candles
2026-03-08 09:41:21.713 | WARNING  | app.strategies.base:log:210 - [rsi_strategy] Not enough candles
2026-03-08 09:41:21.848 | INFO     | app.strategies.base:log:210 - [grid_trading] Grid initialized: 11 levels [5711868.00 - 6981172.00]
2026-03-08 09:41:22.524 | INFO     | app.trading.spot:create_order:320 - [SIM] BUY 0.001 BTC/INR @ 5711868.0 on coinswitchx
2026-03-08 09:41:22.670 | INFO     | app.trading.spot:create_order:320 - [SIM] BUY 0.001 BTC/INR @ 5838798.4 on coinswitchx
2026-03-08 09:41:22.809 | INFO     | app.trading.spot:create_order:320 - [SIM] BUY 0.001 BTC/INR @ 5965728.8 on coinswitchx
2026-03-08 09:41:22.951 | INFO     | app.trading.spot:create_order:320 - [SIM] BUY 0.001 BTC/INR @ 6092659.2 on coinswitchx
2026-03-08 09:41:23.091 | INFO     | app.trading.spot:create_order:320 - [SIM] BUY 0.001 BTC/INR @ 6219589.6 on coinswitchx
2026-03-08 09:41:23.237 | INFO     | app.trading.spot:create_order:320 - [SIM] SELL 0.001 BTC/INR @ 6473450.4 on coinswitchx
2026-03-08 09:41:23.368 | INFO     | app.trading.spot:create_order:320 - [SIM] SELL 0.001 BTC/INR @ 6600380.8 on coinswitchx
2026-03-08 09:41:23.505 | INFO     | app.trading.spot:create_order:320 - [SIM] SELL 0.001 BTC/INR @ 6727311.2 on coinswitchx
2026-03-08 09:41:23.641 | INFO     | app.trading.spot:create_order:320 - [SIM] SELL 0.001 BTC/INR @ 6854241.6 on coinswitchx
2026-03-08 09:41:23.784 | INFO     | app.trading.spot:create_order:320 - [SIM] SELL 0.001 BTC/INR @ 6981172.0 on coinswitchx
2026-03-08 09:41:23.786 | INFO     | app.strategies.base:log:210 - [grid_trading] Placed 10 initial grid orders
2026-03-08 09:41:24.097 | INFO     | app.strategies.base:log:210 - [dca_bot] DCA buy #1/10 @ 6346520.0000
2026-03-08 09:41:24.366 | INFO     | app.trading.spot:create_order:320 - [SIM] BUY 0.001 BTC/INR @ 6346520.0 on coinswitchx
2026-03-08 09:41:43.512 | ERROR    | app.websocket.listener:start:152 - WebSocket error: server rejected WebSocket connection: HTTP 503. Reconnecting in 60s...
2026-03-08 09:41:51.158 | WARNING  | app.strategies.base:__init__:58 - [ma_crossover] Symbol 'BTC/USDT' is inconsistent with exchange 'coinswitchx'. Using 'BTC/INR' instead.
2026-03-08 09:41:51.158 | WARNING  | app.strategies.base:__init__:58 - [rsi_strategy] Symbol 'BTC/USDT' is inconsistent with exchange 'coinswitchx'. Using 'BTC/INR' instead.
2026-03-08 09:41:51.158 | WARNING  | app.strategies.base:__init__:58 - [grid_trading] Symbol 'BTC/USDT' is inconsistent with exchange 'coinswitchx'. Using 'BTC/INR' instead.
2026-03-08 09:41:51.169 | WARNING  | app.strategies.base:__init__:58 - [dca_bot] Symbol 'BTC/USDT' is inconsistent with exchange 'coinswitchx'. Using 'BTC/INR' instead.
2026-03-08 09:41:51.170 | WARNING  | app.strategies.base:__init__:58 - [breakout] Symbol 'BTC/USDT' is inconsistent with exchange 'coinswitchx'. Using 'BTC/INR' instead.
2026-03-08 09:41:51.172 | INFO     | app.strategies.engine:load_strategies:63 - Loaded 5 strategies: ['ma_crossover', 'rsi_strategy', 'grid_trading', 'dca_bot', 'breakout']
2026-03-08 09:41:51.560 | WARNING  | app.strategies.base:log:210 - [ma_crossover] Not enough candles
2026-03-08 09:41:51.737 | WARNING  | app.strategies.base:log:210 - [rsi_strategy] Not enough candles
2026-03-08 09:41:51.886 | INFO     | app.strategies.base:log:210 - [grid_trading] Grid initialized: 11 levels [5713548.30 - 6983225.70]
2026-03-08 09:41:52.104 | INFO     | app.trading.spot:create_order:320 - [SIM] BUY 0.001 BTC/INR @ 5713548.3 on coinswitchx
2026-03-08 09:41:52.236 | INFO     | app.trading.spot:create_order:320 - [SIM] BUY 0.001 BTC/INR @ 5840516.04 on coinswitchx
2026-03-08 09:41:52.374 | INFO     | app.trading.spot:create_order:320 - [SIM] BUY 0.001 BTC/INR @ 5967483.78 on coinswitchx
2026-03-08 09:41:52.515 | INFO     | app.trading.spot:create_order:320 - [SIM] BUY 0.001 BTC/INR @ 6094451.52 on coinswitchx
2026-03-08 09:41:52.654 | INFO     | app.trading.spot:create_order:320 - [SIM] BUY 0.001 BTC/INR @ 6221419.26 on coinswitchx
2026-03-08 09:41:52.791 | INFO     | app.trading.spot:create_order:320 - [SIM] SELL 0.001 BTC/INR @ 6475354.74 on coinswitchx
2026-03-08 09:41:52.919 | INFO     | app.trading.spot:create_order:320 - [SIM] SELL 0.001 BTC/INR @ 6602322.48 on coinswitchx
2026-03-08 09:41:53.091 | INFO     | app.trading.spot:create_order:320 - [SIM] SELL 0.001 BTC/INR @ 6729290.22 on coinswitchx
2026-03-08 09:41:53.222 | INFO     | app.trading.spot:create_order:320 - [SIM] SELL 0.001 BTC/INR @ 6856257.96 on coinswitchx
2026-03-08 09:41:53.380 | INFO     | app.trading.spot:create_order:320 - [SIM] SELL 0.001 BTC/INR @ 6983225.7 on coinswitchx
2026-03-08 09:41:53.380 | INFO     | app.strategies.base:log:210 - [grid_trading] Placed 10 initial grid orders
2026-03-08 09:41:53.687 | INFO     | app.strategies.base:log:210 - [dca_bot] DCA buy #1/10 @ 6348387.0000
2026-03-08 09:41:53.920 | INFO     | app.trading.spot:create_order:320 - [SIM] BUY 0.001 BTC/INR @ 6348387.0 on coinswitchx
2026-03-08 09:42:21.141 | WARNING  | app.strategies.base:__init__:58 - [ma_crossover] Symbol 'BTC/USDT' is inconsistent with exchange 'coinswitchx'. Using 'BTC/INR' instead.
2026-03-08 09:42:21.141 | WARNING  | app.strategies.base:__init__:58 - [rsi_strategy] Symbol 'BTC/USDT' is inconsistent with exchange 'coinswitchx'. Using 'BTC/INR' instead.
2026-03-08 09:42:21.141 | WARNING  | app.strategies.base:__init__:58 - [grid_trading] Symbol 'BTC/USDT' is inconsistent with exchange 'coinswitchx'. Using 'BTC/INR' instead.
2026-03-08 09:42:21.141 | WARNING  | app.strategies.base:__init__:58 - [dca_bot] Symbol 'BTC/USDT' is inconsistent with exchange 'coinswitchx'. Using 'BTC/INR' instead.
2026-03-08 09:42:21.141 | WARNING  | app.strategies.base:__init__:58 - [breakout] Symbol 'BTC/USDT' is inconsistent with exchange 'coinswitchx'. Using 'BTC/INR' instead.
2026-03-08 09:42:21.141 | INFO     | app.strategies.engine:load_strategies:63 - Loaded 5 strategies: ['ma_crossover', 'rsi_strategy', 'grid_trading', 'dca_bot', 'breakout']
2026-03-08 09:42:21.703 | WARNING  | app.strategies.base:log:210 - [ma_crossover] Not enough candles
2026-03-08 09:42:21.926 | WARNING  | app.strategies.base:log:210 - [rsi_strategy] Not enough candles
2026-03-08 09:42:22.129 | INFO     | app.strategies.base:log:210 - [grid_trading] Grid initialized: 11 levels [5713548.30 - 6983225.70]
2026-03-08 09:42:22.591 | INFO     | app.trading.spot:create_order:320 - [SIM] BUY 0.001 BTC/INR @ 5713548.3 on coinswitchx
2026-03-08 09:42:22.742 | INFO     | app.trading.spot:create_order:320 - [SIM] BUY 0.001 BTC/INR @ 5840516.04 on coinswitchx
2026-03-08 09:42:22.855 | INFO     | app.trading.spot:create_order:320 - [SIM] BUY 0.001 BTC/INR @ 5967483.78 on coinswitchx
2026-03-08 09:42:23.011 | INFO     | app.trading.spot:create_order:320 - [SIM] BUY 0.001 BTC/INR @ 6094451.52 on coinswitchx
2026-03-08 09:42:23.151 | INFO     | app.trading.spot:create_order:320 - [SIM] BUY 0.001 BTC/INR @ 6221419.26 on coinswitchx
2026-03-08 09:42:23.281 | INFO     | app.trading.spot:create_order:320 - [SIM] SELL 0.001 BTC/INR @ 6475354.74 on coinswitchx
2026-03-08 09:42:23.426 | INFO     | app.trading.spot:create_order:320 - [SIM] SELL 0.001 BTC/INR @ 6602322.48 on coinswitchx
2026-03-08 09:42:23.563 | INFO     | app.trading.spot:create_order:320 - [SIM] SELL 0.001 BTC/INR @ 6729290.22 on coinswitchx
2026-03-08 09:42:23.710 | INFO     | app.trading.spot:create_order:320 - [SIM] SELL 0.001 BTC/INR @ 6856257.96 on coinswitchx
2026-03-08 09:42:23.859 | INFO     | app.trading.spot:create_order:320 - [SIM] SELL 0.001 BTC/INR @ 6983225.7 on coinswitchx
2026-03-08 09:42:23.862 | INFO     | app.strategies.base:log:210 - [grid_trading] Placed 10 initial grid orders
2026-03-08 09:42:24.255 | INFO     | app.strategies.base:log:210 - [dca_bot] DCA buy #1/10 @ 6348387.0000
2026-03-08 09:42:24.523 | INFO     | app.trading.spot:create_order:320 - [SIM] BUY 0.001 BTC/INR @ 6348387.0 on coinswitchx
2026-03-08 09:42:44.168 | ERROR    | app.websocket.listener:start:152 - WebSocket error: server rejected WebSocket connection: HTTP 503. Reconnecting in 60s...
2026-03-08 09:42:51.150 | WARNING  | app.strategies.base:__init__:58 - [ma_crossover] Symbol 'BTC/USDT' is inconsistent with exchange 'coinswitchx'. Using 'BTC/INR' instead.
2026-03-08 09:42:51.150 | WARNING  | app.strategies.base:__init__:58 - [rsi_strategy] Symbol 'BTC/USDT' is inconsistent with exchange 'coinswitchx'. Using 'BTC/INR' instead.
2026-03-08 09:42:51.150 | WARNING  | app.strategies.base:__init__:58 - [grid_trading] Symbol 'BTC/USDT' is inconsistent with exchange 'coinswitchx'. Using 'BTC/INR' instead.
2026-03-08 09:42:51.150 | WARNING  | app.strategies.base:__init__:58 - [dca_bot] Symbol 'BTC/USDT' is inconsistent with exchange 'coinswitchx'. Using 'BTC/INR' instead.
2026-03-08 09:42:51.150 | WARNING  | app.strategies.base:__init__:58 - [breakout] Symbol 'BTC/USDT' is inconsistent with exchange 'coinswitchx'. Using 'BTC/INR' instead.
2026-03-08 09:42:51.150 | INFO     | app.strategies.engine:load_strategies:63 - Loaded 5 strategies: ['ma_crossover', 'rsi_strategy', 'grid_trading', 'dca_bot', 'breakout']
2026-03-08 09:42:51.580 | WARNING  | app.strategies.base:log:210 - [ma_crossover] Not enough candles
2026-03-08 09:42:51.811 | WARNING  | app.strategies.base:log:210 - [rsi_strategy] Not enough candles
2026-03-08 09:42:52.016 | INFO     | app.strategies.base:log:210 - [grid_trading] Grid initialized: 11 levels [5713548.30 - 6983225.70]
2026-03-08 09:42:52.163 | INFO     | app.trading.spot:create_order:320 - [SIM] BUY 0.001 BTC/INR @ 5713548.3 on coinswitchx
2026-03-08 09:42:52.314 | INFO     | app.trading.spot:create_order:320 - [SIM] BUY 0.001 BTC/INR @ 5840516.04 on coinswitchx
2026-03-08 09:42:52.452 | INFO     | app.trading.spot:create_order:320 - [SIM] BUY 0.001 BTC/INR @ 5967483.78 on coinswitchx
2026-03-08 09:42:52.582 | INFO     | app.trading.spot:create_order:320 - [SIM] BUY 0.001 BTC/INR @ 6094451.52 on coinswitchx
2026-03-08 09:42:52.713 | INFO     | app.trading.spot:create_order:320 - [SIM] BUY 0.001 BTC/INR @ 6221419.26 on coinswitchx
2026-03-08 09:42:52.850 | INFO     | app.trading.spot:create_order:320 - [SIM] SELL 0.001 BTC/INR @ 6475354.74 on coinswitchx
2026-03-08 09:42:52.968 | INFO     | app.trading.spot:create_order:320 - [SIM] SELL 0.001 BTC/INR @ 6602322.48 on coinswitchx
2026-03-08 09:42:53.113 | INFO     | app.trading.spot:create_order:320 - [SIM] SELL 0.001 BTC/INR @ 6729290.22 on coinswitchx
2026-03-08 09:42:53.265 | INFO     | app.trading.spot:create_order:320 - [SIM] SELL 0.001 BTC/INR @ 6856257.96 on coinswitchx
2026-03-08 09:42:53.503 | INFO     | app.trading.spot:create_order:320 - [SIM] SELL 0.001 BTC/INR @ 6983225.7 on coinswitchx
2026-03-08 09:42:53.505 | INFO     | app.strategies.base:log:210 - [grid_trading] Placed 10 initial grid orders
2026-03-08 09:42:53.942 | INFO     | app.strategies.base:log:210 - [dca_bot] DCA buy #1/10 @ 6348387.0000
2026-03-08 09:42:54.174 | INFO     | app.trading.spot:create_order:320 - [SIM] BUY 0.001 BTC/INR @ 6348387.0 on coinswitchx
2026-03-08 09:43:21.157 | WARNING  | app.strategies.base:__init__:58 - [ma_crossover] Symbol 'BTC/USDT' is inconsistent with exchange 'coinswitchx'. Using 'BTC/INR' instead.
2026-03-08 09:43:21.158 | WARNING  | app.strategies.base:__init__:58 - [rsi_strategy] Symbol 'BTC/USDT' is inconsistent with exchange 'coinswitchx'. Using 'BTC/INR' instead.
2026-03-08 09:43:21.159 | WARNING  | app.strategies.base:__init__:58 - [grid_trading] Symbol 'BTC/USDT' is inconsistent with exchange 'coinswitchx'. Using 'BTC/INR' instead.
2026-03-08 09:43:21.159 | WARNING  | app.strategies.base:__init__:58 - [dca_bot] Symbol 'BTC/USDT' is inconsistent with exchange 'coinswitchx'. Using 'BTC/INR' instead.
2026-03-08 09:43:21.160 | WARNING  | app.strategies.base:__init__:58 - [breakout] Symbol 'BTC/USDT' is inconsistent with exchange 'coinswitchx'. Using 'BTC/INR' instead.
2026-03-08 09:43:21.161 | INFO     | app.strategies.engine:load_strategies:63 - Loaded 5 strategies: ['ma_crossover', 'rsi_strategy', 'grid_trading', 'dca_bot', 'breakout']
2026-03-08 09:43:21.501 | WARNING  | app.strategies.base:log:210 - [ma_crossover] Not enough candles
2026-03-08 09:43:21.649 | WARNING  | app.strategies.base:log:210 - [rsi_strategy] Not enough candles
2026-03-08 09:43:21.815 | INFO     | app.strategies.base:log:210 - [grid_trading] Grid initialized: 11 levels [5707800.00 - 6976200.00]
2026-03-08 09:43:22.361 | INFO     | app.trading.spot:create_order:320 - [SIM] BUY 0.001 BTC/INR @ 5707800.0 on coinswitchx
2026-03-08 09:43:22.492 | INFO     | app.trading.spot:create_order:320 - [SIM] BUY 0.001 BTC/INR @ 5834640.0 on coinswitchx
2026-03-08 09:43:22.619 | INFO     | app.trading.spot:create_order:320 - [SIM] BUY 0.001 BTC/INR @ 5961480.0 on coinswitchx
2026-03-08 09:43:22.750 | INFO     | app.trading.spot:create_order:320 - [SIM] BUY 0.001 BTC/INR @ 6088320.0 on coinswitchx
2026-03-08 09:43:22.880 | INFO     | app.trading.spot:create_order:320 - [SIM] BUY 0.001 BTC/INR @ 6215160.0 on coinswitchx
2026-03-08 09:43:22.998 | INFO     | app.trading.spot:create_order:320 - [SIM] SELL 0.001 BTC/INR @ 6468840.0 on coinswitchx
2026-03-08 09:43:23.117 | INFO     | app.trading.spot:create_order:320 - [SIM] SELL 0.001 BTC/INR @ 6595680.0 on coinswitchx
2026-03-08 09:43:23.235 | INFO     | app.trading.spot:create_order:320 - [SIM] SELL 0.001 BTC/INR @ 6722520.0 on coinswitchx
2026-03-08 09:43:23.341 | INFO     | app.trading.spot:create_order:320 - [SIM] SELL 0.001 BTC/INR @ 6849360.0 on coinswitchx
2026-03-08 09:43:23.483 | INFO     | app.trading.spot:create_order:320 - [SIM] SELL 0.001 BTC/INR @ 6976200.0 on coinswitchx
2026-03-08 09:43:23.483 | INFO     | app.strategies.base:log:210 - [grid_trading] Placed 10 initial grid orders
2026-03-08 09:43:24.166 | INFO     | app.strategies.base:log:210 - [dca_bot] DCA buy #1/10 @ 6342000.0000
2026-03-08 09:43:24.414 | INFO     | app.trading.spot:create_order:320 - [SIM] BUY 0.001 BTC/INR @ 6342000.0 on coinswitchx
2026-03-08 09:43:44.669 | ERROR    | app.websocket.listener:start:152 - WebSocket error: server rejected WebSocket connection: HTTP 503. Reconnecting in 60s...
2026-03-08 09:43:51.167 | WARNING  | app.strategies.base:__init__:58 - [ma_crossover] Symbol 'BTC/USDT' is inconsistent with exchange 'coinswitchx'. Using 'BTC/INR' instead.
2026-03-08 09:43:51.170 | WARNING  | app.strategies.base:__init__:58 - [rsi_strategy] Symbol 'BTC/USDT' is inconsistent with exchange 'coinswitchx'. Using 'BTC/INR' instead.
2026-03-08 09:43:51.170 | WARNING  | app.strategies.base:__init__:58 - [grid_trading] Symbol 'BTC/USDT' is inconsistent with exchange 'coinswitchx'. Using 'BTC/INR' instead.
2026-03-08 09:43:51.170 | WARNING  | app.strategies.base:__init__:58 - [dca_bot] Symbol 'BTC/USDT' is inconsistent with exchange 'coinswitchx'. Using 'BTC/INR' instead.
2026-03-08 09:43:51.170 | WARNING  | app.strategies.base:__init__:58 - [breakout] Symbol 'BTC/USDT' is inconsistent with exchange 'coinswitchx'. Using 'BTC/INR' instead.
2026-03-08 09:43:51.170 | INFO     | app.strategies.engine:load_strategies:63 - Loaded 5 strategies: ['ma_crossover', 'rsi_strategy', 'grid_trading', 'dca_bot', 'breakout']
2026-03-08 09:43:51.526 | WARNING  | app.strategies.base:log:210 - [ma_crossover] Not enough candles
2026-03-08 09:43:51.707 | WARNING  | app.strategies.base:log:210 - [rsi_strategy] Not enough candles
2026-03-08 09:43:51.864 | INFO     | app.strategies.base:log:210 - [grid_trading] Grid initialized: 11 levels [5707686.60 - 6976061.40]
2026-03-08 09:43:52.064 | INFO     | app.trading.spot:create_order:320 - [SIM] BUY 0.001 BTC/INR @ 5707686.6 on coinswitchx
2026-03-08 09:43:52.194 | INFO     | app.trading.spot:create_order:320 - [SIM] BUY 0.001 BTC/INR @ 5834524.08 on coinswitchx
2026-03-08 09:43:52.308 | INFO     | app.trading.spot:create_order:320 - [SIM] BUY 0.001 BTC/INR @ 5961361.56 on coinswitchx
2026-03-08 09:43:52.431 | INFO     | app.trading.spot:create_order:320 - [SIM] BUY 0.001 BTC/INR @ 6088199.04 on coinswitchx
2026-03-08 09:43:52.549 | INFO     | app.trading.spot:create_order:320 - [SIM] BUY 0.001 BTC/INR @ 6215036.52 on coinswitchx
2026-03-08 09:43:52.679 | INFO     | app.trading.spot:create_order:320 - [SIM] SELL 0.001 BTC/INR @ 6468711.48 on coinswitchx
2026-03-08 09:43:52.809 | INFO     | app.trading.spot:create_order:320 - [SIM] SELL 0.001 BTC/INR @ 6595548.96 on coinswitchx
2026-03-08 09:43:52.916 | INFO     | app.trading.spot:create_order:320 - [SIM] SELL 0.001 BTC/INR @ 6722386.44 on coinswitchx
2026-03-08 09:43:53.045 | INFO     | app.trading.spot:create_order:320 - [SIM] SELL 0.001 BTC/INR @ 6849223.92 on coinswitchx
2026-03-08 09:43:53.164 | INFO     | app.trading.spot:create_order:320 - [SIM] SELL 0.001 BTC/INR @ 6976061.4 on coinswitchx
2026-03-08 09:43:53.165 | INFO     | app.strategies.base:log:210 - [grid_trading] Placed 10 initial grid orders
2026-03-08 09:43:53.480 | INFO     | app.strategies.base:log:210 - [dca_bot] DCA buy #1/10 @ 6341874.0000
2026-03-08 09:43:54.002 | INFO     | app.trading.spot:create_order:320 - [SIM] BUY 0.001 BTC/INR @ 6341874.0 on coinswitchx
2026-03-08 09:44:21.144 | WARNING  | app.strategies.base:__init__:58 - [ma_crossover] Symbol 'BTC/USDT' is inconsistent with exchange 'coinswitchx'. Using 'BTC/INR' instead.
2026-03-08 09:44:21.144 | WARNING  | app.strategies.base:__init__:58 - [rsi_strategy] Symbol 'BTC/USDT' is inconsistent with exchange 'coinswitchx'. Using 'BTC/INR' instead.
2026-03-08 09:44:21.144 | WARNING  | app.strategies.base:__init__:58 - [grid_trading] Symbol 'BTC/USDT' is inconsistent with exchange 'coinswitchx'. Using 'BTC/INR' instead.
2026-03-08 09:44:21.149 | WARNING  | app.strategies.base:__init__:58 - [dca_bot] Symbol 'BTC/USDT' is inconsistent with exchange 'coinswitchx'. Using 'BTC/INR' instead.
2026-03-08 09:44:21.149 | WARNING  | app.strategies.base:__init__:58 - [breakout] Symbol 'BTC/USDT' is inconsistent with exchange 'coinswitchx'. Using 'BTC/INR' instead.
2026-03-08 09:44:21.149 | INFO     | app.strategies.engine:load_strategies:63 - Loaded 5 strategies: ['ma_crossover', 'rsi_strategy', 'grid_trading', 'dca_bot', 'breakout']
2026-03-08 09:44:21.513 | WARNING  | app.strategies.base:log:210 - [ma_crossover] Not enough candles
2026-03-08 09:44:21.696 | WARNING  | app.strategies.base:log:210 - [rsi_strategy] Not enough candles
2026-03-08 09:44:21.857 | INFO     | app.strategies.base:log:210 - [grid_trading] Grid initialized: 11 levels [5707574.10 - 6975923.90]
2026-03-08 09:44:22.075 | INFO     | app.trading.spot:create_order:320 - [SIM] BUY 0.001 BTC/INR @ 5707574.1 on coinswitchx
2026-03-08 09:44:22.205 | INFO     | app.trading.spot:create_order:320 - [SIM] BUY 0.001 BTC/INR @ 5834409.08 on coinswitchx
2026-03-08 09:44:22.333 | INFO     | app.trading.spot:create_order:320 - [SIM] BUY 0.001 BTC/INR @ 5961244.06 on coinswitchx
2026-03-08 09:44:22.453 | INFO     | app.trading.spot:create_order:320 - [SIM] BUY 0.001 BTC/INR @ 6088079.04 on coinswitchx
2026-03-08 09:44:22.585 | INFO     | app.trading.spot:create_order:320 - [SIM] BUY 0.001 BTC/INR @ 6214914.02 on coinswitchx
2026-03-08 09:44:22.712 | INFO     | app.trading.spot:create_order:320 - [SIM] SELL 0.001 BTC/INR @ 6468583.98 on coinswitchx
2026-03-08 09:44:22.851 | INFO     | app.trading.spot:create_order:320 - [SIM] SELL 0.001 BTC/INR @ 6595418.96 on coinswitchx
2026-03-08 09:44:22.971 | INFO     | app.trading.spot:create_order:320 - [SIM] SELL 0.001 BTC/INR @ 6722253.94 on coinswitchx
2026-03-08 09:44:23.090 | INFO     | app.trading.spot:create_order:320 - [SIM] SELL 0.001 BTC/INR @ 6849088.92 on coinswitchx
2026-03-08 09:44:23.220 | INFO     | app.trading.spot:create_order:320 - [SIM] SELL 0.001 BTC/INR @ 6975923.9 on coinswitchx
2026-03-08 09:44:23.221 | INFO     | app.strategies.base:log:210 - [grid_trading] Placed 10 initial grid orders
2026-03-08 09:44:23.495 | INFO     | app.strategies.base:log:210 - [dca_bot] DCA buy #1/10 @ 6341749.0000
2026-03-08 09:44:23.692 | INFO     | app.trading.spot:create_order:320 - [SIM] BUY 0.001 BTC/INR @ 6341749.0 on coinswitchx
2026-03-08 09:44:45.284 | ERROR    | app.websocket.listener:start:152 - WebSocket error: server rejected WebSocket connection: HTTP 503. Reconnecting in 60s...
2026-03-08 09:44:51.157 | WARNING  | app.strategies.base:__init__:58 - [ma_crossover] Symbol 'BTC/USDT' is inconsistent with exchange 'coinswitchx'. Using 'BTC/INR' instead.
2026-03-08 09:44:51.159 | WARNING  | app.strategies.base:__init__:58 - [rsi_strategy] Symbol 'BTC/USDT' is inconsistent with exchange 'coinswitchx'. Using 'BTC/INR' instead.
2026-03-08 09:44:51.159 | WARNING  | app.strategies.base:__init__:58 - [grid_trading] Symbol 'BTC/USDT' is inconsistent with exchange 'coinswitchx'. Using 'BTC/INR' instead.
2026-03-08 09:44:51.159 | WARNING  | app.strategies.base:__init__:58 - [dca_bot] Symbol 'BTC/USDT' is inconsistent with exchange 'coinswitchx'. Using 'BTC/INR' instead.
2026-03-08 09:44:51.159 | WARNING  | app.strategies.base:__init__:58 - [breakout] Symbol 'BTC/USDT' is inconsistent with exchange 'coinswitchx'. Using 'BTC/INR' instead.
2026-03-08 09:44:51.161 | INFO     | app.strategies.engine:load_strategies:63 - Loaded 5 strategies: ['ma_crossover', 'rsi_strategy', 'grid_trading', 'dca_bot', 'breakout']
2026-03-08 09:44:51.541 | WARNING  | app.strategies.base:log:210 - [ma_crossover] Not enough candles
2026-03-08 09:44:51.741 | WARNING  | app.strategies.base:log:210 - [rsi_strategy] Not enough candles
2026-03-08 09:44:51.864 | INFO     | app.strategies.base:log:210 - [grid_trading] Grid initialized: 11 levels [5707574.10 - 6975923.90]
2026-03-08 09:44:52.071 | INFO     | app.trading.spot:create_order:320 - [SIM] BUY 0.001 BTC/INR @ 5707574.1 on coinswitchx
2026-03-08 09:44:52.215 | INFO     | app.trading.spot:create_order:320 - [SIM] BUY 0.001 BTC/INR @ 5834409.08 on coinswitchx
2026-03-08 09:44:52.334 | INFO     | app.trading.spot:create_order:320 - [SIM] BUY 0.001 BTC/INR @ 5961244.06 on coinswitchx
2026-03-08 09:44:52.463 | INFO     | app.trading.spot:create_order:320 - [SIM] BUY 0.001 BTC/INR @ 6088079.04 on coinswitchx
2026-03-08 09:44:52.594 | INFO     | app.trading.spot:create_order:320 - [SIM] BUY 0.001 BTC/INR @ 6214914.02 on coinswitchx
2026-03-08 09:44:52.722 | INFO     | app.trading.spot:create_order:320 - [SIM] SELL 0.001 BTC/INR @ 6468583.98 on coinswitchx
2026-03-08 09:44:52.842 | INFO     | app.trading.spot:create_order:320 - [SIM] SELL 0.001 BTC/INR @ 6595418.96 on coinswitchx
2026-03-08 09:44:52.982 | INFO     | app.trading.spot:create_order:320 - [SIM] SELL 0.001 BTC/INR @ 6722253.94 on coinswitchx
2026-03-08 09:44:53.101 | INFO     | app.trading.spot:create_order:320 - [SIM] SELL 0.001 BTC/INR @ 6849088.92 on coinswitchx
2026-03-08 09:44:53.229 | INFO     | app.trading.spot:create_order:320 - [SIM] SELL 0.001 BTC/INR @ 6975923.9 on coinswitchx
2026-03-08 09:44:53.229 | INFO     | app.strategies.base:log:210 - [grid_trading] Placed 10 initial grid orders
2026-03-08 09:44:53.548 | INFO     | app.strategies.base:log:210 - [dca_bot] DCA buy #1/10 @ 6341749.0000
2026-03-08 09:44:53.758 | INFO     | app.trading.spot:create_order:320 - [SIM] BUY 0.001 BTC/INR @ 6341749.0 on coinswitchx
2026-03-08 09:45:21.152 | WARNING  | app.strategies.base:__init__:58 - [ma_crossover] Symbol 'BTC/USDT' is inconsistent with exchange 'coinswitchx'. Using 'BTC/INR' instead.
2026-03-08 09:45:21.152 | WARNING  | app.strategies.base:__init__:58 - [rsi_strategy] Symbol 'BTC/USDT' is inconsistent with exchange 'coinswitchx'. Using 'BTC/INR' instead.
2026-03-08 09:45:21.154 | WARNING  | app.strategies.base:__init__:58 - [grid_trading] Symbol 'BTC/USDT' is inconsistent with exchange 'coinswitchx'. Using 'BTC/INR' instead.
2026-03-08 09:45:21.154 | WARNING  | app.strategies.base:__init__:58 - [dca_bot] Symbol 'BTC/USDT' is inconsistent with exchange 'coinswitchx'. Using 'BTC/INR' instead.
2026-03-08 09:45:21.154 | WARNING  | app.strategies.base:__init__:58 - [breakout] Symbol 'BTC/USDT' is inconsistent with exchange 'coinswitchx'. Using 'BTC/INR' instead.
2026-03-08 09:45:21.156 | INFO     | app.strategies.engine:load_strategies:63 - Loaded 5 strategies: ['ma_crossover', 'rsi_strategy', 'grid_trading', 'dca_bot', 'breakout']
2026-03-08 09:45:21.596 | WARNING  | app.strategies.base:log:210 - [ma_crossover] Not enough candles
2026-03-08 09:45:21.769 | WARNING  | app.strategies.base:log:210 - [rsi_strategy] Not enough candles
2026-03-08 09:45:21.918 | INFO     | app.strategies.base:log:210 - [grid_trading] Grid initialized: 11 levels [5707526.40 - 6975865.60]
2026-03-08 09:45:22.359 | INFO     | app.trading.spot:create_order:320 - [SIM] BUY 0.001 BTC/INR @ 5707526.4 on coinswitchx
2026-03-08 09:45:22.504 | INFO     | app.trading.spot:create_order:320 - [SIM] BUY 0.001 BTC/INR @ 5834360.32 on coinswitchx
2026-03-08 09:45:22.680 | INFO     | app.trading.spot:create_order:320 - [SIM] BUY 0.001 BTC/INR @ 5961194.24 on coinswitchx
2026-03-08 09:45:22.805 | INFO     | app.trading.spot:create_order:320 - [SIM] BUY 0.001 BTC/INR @ 6088028.16 on coinswitchx
2026-03-08 09:45:22.937 | INFO     | app.trading.spot:create_order:320 - [SIM] BUY 0.001 BTC/INR @ 6214862.08 on coinswitchx
2026-03-08 09:45:23.067 | INFO     | app.trading.spot:create_order:320 - [SIM] SELL 0.001 BTC/INR @ 6468529.92 on coinswitchx
2026-03-08 09:45:23.196 | INFO     | app.trading.spot:create_order:320 - [SIM] SELL 0.001 BTC/INR @ 6595363.84 on coinswitchx
2026-03-08 09:45:23.325 | INFO     | app.trading.spot:create_order:320 - [SIM] SELL 0.001 BTC/INR @ 6722197.76 on coinswitchx
2026-03-08 09:45:23.442 | INFO     | app.trading.spot:create_order:320 - [SIM] SELL 0.001 BTC/INR @ 6849031.68 on coinswitchx
2026-03-08 09:45:23.582 | INFO     | app.trading.spot:create_order:320 - [SIM] SELL 0.001 BTC/INR @ 6975865.6 on coinswitchx
2026-03-08 09:45:23.583 | INFO     | app.strategies.base:log:210 - [grid_trading] Placed 10 initial grid orders
2026-03-08 09:45:23.878 | INFO     | app.strategies.base:log:210 - [dca_bot] DCA buy #1/10 @ 6341696.0000
2026-03-08 09:45:24.097 | INFO     | app.trading.spot:create_order:320 - [SIM] BUY 0.001 BTC/INR @ 6341696.0 on coinswitchx
2026-03-08 09:45:45.982 | ERROR    | app.websocket.listener:start:152 - WebSocket error: server rejected WebSocket connection: HTTP 503. Reconnecting in 60s...
2026-03-08 09:45:51.152 | WARNING  | app.strategies.base:__init__:58 - [ma_crossover] Symbol 'BTC/USDT' is inconsistent with exchange 'coinswitchx'. Using 'BTC/INR' instead.
2026-03-08 09:45:51.152 | WARNING  | app.strategies.base:__init__:58 - [rsi_strategy] Symbol 'BTC/USDT' is inconsistent with exchange 'coinswitchx'. Using 'BTC/INR' instead.
2026-03-08 09:45:51.152 | WARNING  | app.strategies.base:__init__:58 - [grid_trading] Symbol 'BTC/USDT' is inconsistent with exchange 'coinswitchx'. Using 'BTC/INR' instead.
2026-03-08 09:45:51.152 | WARNING  | app.strategies.base:__init__:58 - [dca_bot] Symbol 'BTC/USDT' is inconsistent with exchange 'coinswitchx'. Using 'BTC/INR' instead.
2026-03-08 09:45:51.152 | WARNING  | app.strategies.base:__init__:58 - [breakout] Symbol 'BTC/USDT' is inconsistent with exchange 'coinswitchx'. Using 'BTC/INR' instead.
2026-03-08 09:45:51.152 | INFO     | app.strategies.engine:load_strategies:63 - Loaded 5 strategies: ['ma_crossover', 'rsi_strategy', 'grid_trading', 'dca_bot', 'breakout']
2026-03-08 09:45:51.507 | WARNING  | app.strategies.base:log:210 - [ma_crossover] Not enough candles
2026-03-08 09:45:51.686 | WARNING  | app.strategies.base:log:210 - [rsi_strategy] Not enough candles
2026-03-08 09:45:51.828 | INFO     | app.strategies.base:log:210 - [grid_trading] Grid initialized: 11 levels [5707526.40 - 6975865.60]
2026-03-08 09:45:52.034 | INFO     | app.trading.spot:create_order:320 - [SIM] BUY 0.001 BTC/INR @ 5707526.4 on coinswitchx
2026-03-08 09:45:52.145 | INFO     | app.trading.spot:create_order:320 - [SIM] BUY 0.001 BTC/INR @ 5834360.32 on coinswitchx
2026-03-08 09:45:52.284 | INFO     | app.trading.spot:create_order:320 - [SIM] BUY 0.001 BTC/INR @ 5961194.24 on coinswitchx
2026-03-08 09:45:52.401 | INFO     | app.trading.spot:create_order:320 - [SIM] BUY 0.001 BTC/INR @ 6088028.16 on coinswitchx
2026-03-08 09:45:52.531 | INFO     | app.trading.spot:create_order:320 - [SIM] BUY 0.001 BTC/INR @ 6214862.08 on coinswitchx
2026-03-08 09:45:52.659 | INFO     | app.trading.spot:create_order:320 - [SIM] SELL 0.001 BTC/INR @ 6468529.92 on coinswitchx
2026-03-08 09:45:52.781 | INFO     | app.trading.spot:create_order:320 - [SIM] SELL 0.001 BTC/INR @ 6595363.84 on coinswitchx
2026-03-08 09:45:52.960 | INFO     | app.trading.spot:create_order:320 - [SIM] SELL 0.001 BTC/INR @ 6722197.76 on coinswitchx
2026-03-08 09:45:53.083 | INFO     | app.trading.spot:create_order:320 - [SIM] SELL 0.001 BTC/INR @ 6849031.68 on coinswitchx
2026-03-08 09:45:53.207 | INFO     | app.trading.spot:create_order:320 - [SIM] SELL 0.001 BTC/INR @ 6975865.6 on coinswitchx
2026-03-08 09:45:53.207 | INFO     | app.strategies.base:log:210 - [grid_trading] Placed 10 initial grid orders
2026-03-08 09:45:53.587 | INFO     | app.strategies.base:log:210 - [dca_bot] DCA buy #1/10 @ 6341696.0000
2026-03-08 09:45:53.836 | INFO     | app.trading.spot:create_order:320 - [SIM] BUY 0.001 BTC/INR @ 6341696.0 on coinswitchx
2026-03-08 09:46:21.148 | WARNING  | app.strategies.base:__init__:58 - [ma_crossover] Symbol 'BTC/USDT' is inconsistent with exchange 'coinswitchx'. Using 'BTC/INR' instead.
2026-03-08 09:46:21.150 | WARNING  | app.strategies.base:__init__:58 - [rsi_strategy] Symbol 'BTC/USDT' is inconsistent with exchange 'coinswitchx'. Using 'BTC/INR' instead.
2026-03-08 09:46:21.151 | WARNING  | app.strategies.base:__init__:58 - [grid_trading] Symbol 'BTC/USDT' is inconsistent with exchange 'coinswitchx'. Using 'BTC/INR' instead.
2026-03-08 09:46:21.153 | WARNING  | app.strategies.base:__init__:58 - [dca_bot] Symbol 'BTC/USDT' is inconsistent with exchange 'coinswitchx'. Using 'BTC/INR' instead.
2026-03-08 09:46:21.154 | WARNING  | app.strategies.base:__init__:58 - [breakout] Symbol 'BTC/USDT' is inconsistent with exchange 'coinswitchx'. Using 'BTC/INR' instead.
2026-03-08 09:46:21.154 | INFO     | app.strategies.engine:load_strategies:63 - Loaded 5 strategies: ['ma_crossover', 'rsi_strategy', 'grid_trading', 'dca_bot', 'breakout']
2026-03-08 09:46:21.524 | WARNING  | app.strategies.base:log:210 - [ma_crossover] Not enough candles
2026-03-08 09:46:21.684 | WARNING  | app.strategies.base:log:210 - [rsi_strategy] Not enough candles
2026-03-08 09:46:21.830 | INFO     | app.strategies.base:log:210 - [grid_trading] Grid initialized: 11 levels [5707526.40 - 6975865.60]
2026-03-08 09:46:22.290 | INFO     | app.trading.spot:create_order:320 - [SIM] BUY 0.001 BTC/INR @ 5707526.4 on coinswitchx
2026-03-08 09:46:22.426 | INFO     | app.trading.spot:create_order:320 - [SIM] BUY 0.001 BTC/INR @ 5834360.32 on coinswitchx
2026-03-08 09:46:22.549 | INFO     | app.trading.spot:create_order:320 - [SIM] BUY 0.001 BTC/INR @ 5961194.24 on coinswitchx
2026-03-08 09:46:22.685 | INFO     | app.trading.spot:create_order:320 - [SIM] BUY 0.001 BTC/INR @ 6088028.16 on coinswitchx
2026-03-08 09:46:22.815 | INFO     | app.trading.spot:create_order:320 - [SIM] BUY 0.001 BTC/INR @ 6214862.08 on coinswitchx
2026-03-08 09:46:22.943 | INFO     | app.trading.spot:create_order:320 - [SIM] SELL 0.001 BTC/INR @ 6468529.92 on coinswitchx
2026-03-08 09:46:23.061 | INFO     | app.trading.spot:create_order:320 - [SIM] SELL 0.001 BTC/INR @ 6595363.84 on coinswitchx
2026-03-08 09:46:23.192 | INFO     | app.trading.spot:create_order:320 - [SIM] SELL 0.001 BTC/INR @ 6722197.76 on coinswitchx
2026-03-08 09:46:23.320 | INFO     | app.trading.spot:create_order:320 - [SIM] SELL 0.001 BTC/INR @ 6849031.68 on coinswitchx
2026-03-08 09:46:23.440 | INFO     | app.trading.spot:create_order:320 - [SIM] SELL 0.001 BTC/INR @ 6975865.6 on coinswitchx
2026-03-08 09:46:23.440 | INFO     | app.strategies.base:log:210 - [grid_trading] Placed 10 initial grid orders
2026-03-08 09:46:23.724 | INFO     | app.strategies.base:log:210 - [dca_bot] DCA buy #1/10 @ 6341696.0000
2026-03-08 09:46:23.942 | INFO     | app.trading.spot:create_order:320 - [SIM] BUY 0.001 BTC/INR @ 6341696.0 on coinswitchx
2026-03-08 09:46:46.624 | ERROR    | app.websocket.listener:start:152 - WebSocket error: server rejected WebSocket connection: HTTP 503. Reconnecting in 60s...
2026-03-08 09:46:51.145 | WARNING  | app.strategies.base:__init__:58 - [ma_crossover] Symbol 'BTC/USDT' is inconsistent with exchange 'coinswitchx'. Using 'BTC/INR' instead.
2026-03-08 09:46:51.145 | WARNING  | app.strategies.base:__init__:58 - [rsi_strategy] Symbol 'BTC/USDT' is inconsistent with exchange 'coinswitchx'. Using 'BTC/INR' instead.
2026-03-08 09:46:51.145 | WARNING  | app.strategies.base:__init__:58 - [grid_trading] Symbol 'BTC/USDT' is inconsistent with exchange 'coinswitchx'. Using 'BTC/INR' instead.
2026-03-08 09:46:51.145 | WARNING  | app.strategies.base:__init__:58 - [dca_bot] Symbol 'BTC/USDT' is inconsistent with exchange 'coinswitchx'. Using 'BTC/INR' instead.
2026-03-08 09:46:51.145 | WARNING  | app.strategies.base:__init__:58 - [breakout] Symbol 'BTC/USDT' is inconsistent with exchange 'coinswitchx'. Using 'BTC/INR' instead.
2026-03-08 09:46:51.145 | INFO     | app.strategies.engine:load_strategies:63 - Loaded 5 strategies: ['ma_crossover', 'rsi_strategy', 'grid_trading', 'dca_bot', 'breakout']
2026-03-08 09:46:51.522 | WARNING  | app.strategies.base:log:210 - [ma_crossover] Not enough candles
2026-03-08 09:46:51.724 | WARNING  | app.strategies.base:log:210 - [rsi_strategy] Not enough candles
2026-03-08 09:46:51.897 | INFO     | app.strategies.base:log:210 - [grid_trading] Grid initialized: 11 levels [5707526.40 - 6975865.60]
2026-03-08 09:46:52.326 | INFO     | app.trading.spot:create_order:320 - [SIM] BUY 0.001 BTC/INR @ 5707526.4 on coinswitchx
2026-03-08 09:46:52.461 | INFO     | app.trading.spot:create_order:320 - [SIM] BUY 0.001 BTC/INR @ 5834360.32 on coinswitchx
2026-03-08 09:46:52.578 | INFO     | app.trading.spot:create_order:320 - [SIM] BUY 0.001 BTC/INR @ 5961194.24 on coinswitchx
2026-03-08 09:46:52.693 | INFO     | app.trading.spot:create_order:320 - [SIM] BUY 0.001 BTC/INR @ 6088028.16 on coinswitchx
2026-03-08 09:46:52.810 | INFO     | app.trading.spot:create_order:320 - [SIM] BUY 0.001 BTC/INR @ 6214862.08 on coinswitchx
2026-03-08 09:46:52.955 | INFO     | app.trading.spot:create_order:320 - [SIM] SELL 0.001 BTC/INR @ 6468529.92 on coinswitchx
2026-03-08 09:46:53.083 | INFO     | app.trading.spot:create_order:320 - [SIM] SELL 0.001 BTC/INR @ 6595363.84 on coinswitchx
2026-03-08 09:46:53.202 | INFO     | app.trading.spot:create_order:320 - [SIM] SELL 0.001 BTC/INR @ 6722197.76 on coinswitchx
2026-03-08 09:46:53.308 | INFO     | app.trading.spot:create_order:320 - [SIM] SELL 0.001 BTC/INR @ 6849031.68 on coinswitchx
2026-03-08 09:46:53.441 | INFO     | app.trading.spot:create_order:320 - [SIM] SELL 0.001 BTC/INR @ 6975865.6 on coinswitchx
2026-03-08 09:46:53.443 | INFO     | app.strategies.base:log:210 - [grid_trading] Placed 10 initial grid orders
2026-03-08 09:46:53.773 | INFO     | app.strategies.base:log:210 - [dca_bot] DCA buy #1/10 @ 6341696.0000
2026-03-08 09:46:54.025 | INFO     | app.trading.spot:create_order:320 - [SIM] BUY 0.001 BTC/INR @ 6341696.0 on coinswitchx
2026-03-08 09:47:10.109 | INFO     | main:lifespan:81 - Shutting down...
2026-03-08 09:47:10.109 | INFO     | app.services.scheduler:stop_scheduler:39 - Scheduler stopped
2026-03-08 09:47:10.109 | INFO     | app.websocket.listener:stop:192 - WebSocket listener stopped
